frame_idx,sample_idx,global_sample_idx,global_time_s,beacon_count_raw,beacon_pulse_count,I_u16,Q_u16,beacon_sample_offset,is_beacon_sample
0,0,0,0.000000,1273,0,8,3462,,0
0,1,1,0.003906,1273,0,0,19,,0
0,2,2,0.007812,1273,0,0,19,,0
0,3,3,0.011719,1273,0,0,19,,0
0,4,4,0.015625,1273,0,1792,18,,0
0,5,5,0.019531,1273,0,0,18,,0
0,6,6,0.023438,1273,0,0,18,,0
0,7,7,0.027344,1273,0,0,18,,0
0,8,8,0.031250,1273,0,0,18,,0
0,9,9,0.035156,1273,0,0,18,,0
0,10,10,0.039062,1273,0,1792,17,,0
0,11,11,0.042969,1273,0,0,16,,0
0,12,12,0.046875,1273,0,0,16,,0
0,13,13,0.050781,1273,0,0,16,,0
0,14,14,0.054688,1273,0,0,16,,0
0,15,15,0.058594,1273,0,0,16,,0
0,16,16,0.062500,1273,0,0,16,,0
0,17,17,0.066406,1273,0,0,15,,0
0,18,18,0.070312,1273,0,0,15,,0
0,19,19,0.074219,1273,0,0,15,,0
0,20,20,0.078125,1273,0,0,15,,0
0,21,21,0.082031,1273,0,0,15,,0
0,22,22,0.085938,1273,0,1792,14,,0
0,23,23,0.089844,1273,0,0,14,,0
0,24,24,0.093750,1273,0,0,14,,0
0,25,25,0.097656,1273,0,0,14,,0
0,26,26,0.101562,1273,0,0,14,,0
0,27,27,0.105469,1273,0,1792,12,,0
0,28,28,0.109375,1273,0,0,12,,0
0,29,29,0.113281,1273,0,0,12,,0
0,30,30,0.117188,1273,0,0,12,,0
0,31,31,0.121094,1273,0,0,12,,0
0,32,32,0.125000,1273,0,0,11,,0
0,33,33,0.128906,1273,0,0,11,,0
0,34,34,0.132812,1273,0,0,11,,0
0,35,35,0.136719,1273,0,1792,10,,0
0,36,36,0.140625,1273,0,0,10,,0
0,37,37,0.144531,1273,0,0,10,,0
0,38,38,0.148438,1273,0,0,10,,0
0,39,39,0.152344,1273,0,0,10,,0
0,40,40,0.156250,1273,0,0,10,,0
0,41,41,0.160156,1273,0,0,10,,0
0,42,42,0.164062,1273,0,0,10,,0
0,43,43,0.167969,1273,0,0,10,,0
0,44,44,0.171875,1273,0,1792,8,,0
0,45,45,0.175781,1273,0,0,8,,0
0,46,46,0.179688,1273,0,0,8,,0
0,47,47,0.183594,1273,0,0,7,,0
0,48,48,0.187500,1273,0,0,7,,0
0,49,49,0.191406,1273,0,0,7,,0
0,50,50,0.195312,1273,0,1792,6,,0
0,51,51,0.199219,1273,0,0,6,,0
0,52,52,0.203125,1273,0,0,6,,0
0,53,53,0.207031,1273,0,0,6,,0
0,54,54,0.210938,1273,0,0,6,,0
0,55,55,0.214844,1273,0,0,6,,0
0,56,56,0.218750,1273,0,0,5,,0
0,57,57,0.222656,1273,0,0,5,,0
0,58,58,0.226562,1273,0,0,5,,0
0,59,59,0.230469,1273,0,0,5,,0
0,60,60,0.234375,1273,0,1792,4,,0
0,61,61,0.238281,1273,0,0,4,,0
0,62,62,0.242188,1273,0,0,4,,0
0,63,63,0.246094,1273,0,0,3,,0
0,64,64,0.250000,1273,0,0,3,,0
0,65,65,0.253906,1273,0,0,3,,0
0,66,66,0.257812,1273,0,1792,2,,0
0,67,67,0.261719,1273,0,0,2,,0
0,68,68,0.265625,1273,0,0,2,,0
0,69,69,0.269531,1273,0,0,2,,0
0,70,70,0.273438,1273,0,0,2,,0
0,71,71,0.277344,1273,0,0,2,,0
0,72,72,0.281250,1273,0,0,2,,0
0,73,73,0.285156,1273,0,0,1,,0
0,74,74,0.289062,1273,0,0,1,,0
0,75,75,0.292969,1273,0,3876,3879,,0
0,76,76,0.296875,1273,0,3844,2791,,0
0,77,77,0.300781,1273,0,3860,2375,,0
0,78,78,0.304688,1273,0,3845,615,,0
0,79,79,0.308594,1273,0,3845,2567,,0
0,80,80,0.312500,1273,0,3845,3783,,0
0,81,81,0.316406,1273,0,3846,1319,,0
0,82,82,0.320312,1273,0,3845,3207,,0
0,83,83,0.324219,1273,0,3846,487,,0
0,84,84,0.328125,1273,0,3831,39,,0
0,85,85,0.332031,1273,0,3830,1511,,0
0,86,86,0.335938,1273,0,3830,615,,0
0,87,87,0.339844,1273,0,3830,263,,0
0,88,88,0.343750,1273,0,3830,775,,0
0,89,89,0.347656,1273,0,3830,2535,,0
0,90,90,0.351562,1273,0,3798,3111,,0
0,91,91,0.355469,1273,0,3798,3047,,0
0,92,92,0.359375,1273,0,3782,1159,,0
0,93,93,0.363281,1273,0,3782,4007,,0
0,94,94,0.367188,1273,0,3783,3207,,0
0,95,95,0.371094,1273,0,3784,1191,,0
0,96,96,0.375000,1273,0,3784,327,,0
0,97,97,0.378906,1273,0,3783,3111,,0
0,98,98,0.382812,1273,0,3768,3847,,0
0,99,99,0.386719,1273,0,3769,7,,0
0,100,100,0.390625,1273,0,3768,3431,,0
0,101,101,0.394531,1273,0,3784,2855,,0
0,102,102,0.398438,1273,0,3784,2439,,0
0,103,103,0.402344,1273,0,3784,1543,,0
0,104,104,0.406250,1273,0,3783,3015,,0
0,105,105,0.410156,1273,0,3782,1926,,0
0,106,106,0.414062,1273,0,3782,1958,,0
0,107,107,0.417969,1273,0,3798,1894,,0
0,108,108,0.421875,1273,0,3798,2566,,0
0,109,109,0.425781,1273,0,3798,3911,,0
0,110,110,0.429688,1273,0,3783,390,,0
0,111,111,0.433594,1273,0,3767,839,,0
0,112,112,0.437500,1273,0,3767,3463,,0
0,113,113,0.441406,1273,0,3767,2919,,0
0,114,114,0.445312,1273,0,3767,230,,0
0,115,115,0.449219,1273,0,3766,3270,,0
0,116,116,0.453125,1273,0,3767,1415,,0
0,117,117,0.457031,1273,0,3784,2279,,0
0,118,118,0.460938,1273,0,3785,775,,0
0,119,119,0.464844,1273,0,3784,2663,,0
0,120,120,0.468750,1273,0,3783,3527,,0
0,121,121,0.472656,1273,0,3783,3207,,0
0,122,122,0.476562,1273,0,3799,2823,,0
0,123,123,0.480469,1273,0,3798,550,,0
0,124,124,0.484375,1273,0,3797,1062,,0
0,125,125,0.488281,1273,0,3797,870,,0
0,126,126,0.492188,1273,0,3782,2119,,0
0,127,127,0.496094,1273,0,3783,2119,,0
1,0,128,0.500000,1273,0,1799,3239,,0
1,1,129,0.503906,1273,0,0,4083,,0
1,2,130,0.507812,1273,0,0,4083,,0
1,3,131,0.511719,1273,0,0,4083,,0
1,4,132,0.515625,1273,0,1792,4082,,0
1,5,133,0.519531,1273,0,0,4081,,0
1,6,134,0.523438,1273,0,0,4081,,0
1,7,135,0.527344,1273,0,0,4081,,0
1,8,136,0.531250,1273,0,0,4081,,0
1,9,137,0.535156,1273,0,0,4081,,0
1,10,138,0.539062,1273,0,0,4081,,0
1,11,139,0.542969,1273,0,0,4081,,0
1,12,140,0.546875,1273,0,0,4081,,0
1,13,141,0.550781,1273,0,0,4082,,0
1,14,142,0.554688,1273,0,0,4083,,0
1,15,143,0.558594,1273,0,256,4084,,0
1,16,144,0.562500,1273,0,0,4084,,0
1,17,145,0.566406,1273,0,256,4085,,0
1,18,146,0.570312,1273,0,0,4085,,0
1,19,147,0.574219,1273,0,0,4085,,0
1,20,148,0.578125,1273,0,0,4085,,0
1,21,149,0.582031,1273,0,0,4085,,0
1,22,150,0.585938,1273,0,0,4085,,0
1,23,151,0.589844,1273,0,0,4085,,0
1,24,152,0.593750,1273,0,0,4085,,0
1,25,153,0.597656,1273,0,0,4085,,0
1,26,154,0.601562,1273,0,0,4085,,0
1,27,155,0.605469,1273,0,0,4085,,0
1,28,156,0.609375,1273,0,0,4085,,0
1,29,157,0.613281,1273,0,0,4083,,0
1,30,158,0.617188,1273,0,0,4083,,0
1,31,159,0.621094,1273,0,0,4083,,0
1,32,160,0.625000,1273,0,0,4083,,0
1,33,161,0.628906,1273,0,0,4083,,0
1,34,162,0.632812,1273,0,0,4083,,0
1,35,163,0.636719,1273,0,1792,4082,,0
1,36,164,0.640625,1273,0,0,4082,,0
1,37,165,0.644531,1273,0,1792,4081,,0
1,38,166,0.648438,1273,0,0,4081,,0
1,39,167,0.652344,1273,0,0,4081,,0
1,40,168,0.656250,1273,0,0,4081,,0
1,41,169,0.660156,1273,0,0,4081,,0
1,42,170,0.664062,1273,0,0,4081,,0
1,43,171,0.667969,1273,0,0,4081,,0
1,44,172,0.671875,1273,0,0,4081,,0
1,45,173,0.675781,1273,0,0,4081,,0
1,46,174,0.679688,1273,0,0,4081,,0
1,47,175,0.683594,1273,0,0,4081,,0
1,48,176,0.687500,1273,0,0,4080,,0
1,49,177,0.691406,1273,0,0,4080,,0
1,50,178,0.695312,1273,0,0,4080,,0
1,51,179,0.699219,1273,0,0,4080,,0
1,52,180,0.703125,1273,0,256,4081,,0
1,53,181,0.707031,1273,0,256,4081,,0
1,54,182,0.710938,1273,0,0,4081,,0
1,55,183,0.714844,1273,0,0,4081,,0
1,56,184,0.718750,1273,0,0,4081,,0
1,57,185,0.722656,1273,0,0,4081,,0
1,58,186,0.726562,1273,0,0,4081,,0
1,59,187,0.730469,1273,0,0,4081,,0
1,60,188,0.734375,1273,0,0,4081,,0
1,61,189,0.738281,1273,0,0,4080,,0
1,62,190,0.742188,1273,0,0,4080,,0
1,63,191,0.746094,1273,0,0,4080,,0
1,64,192,0.750000,1273,0,0,4079,,0
1,65,193,0.753906,1273,0,0,4079,,0
1,66,194,0.757812,1273,0,0,4079,,0
1,67,195,0.761719,1273,0,0,4079,,0
1,68,196,0.765625,1273,0,256,4080,,0
1,69,197,0.769531,1273,0,0,4080,,0
1,70,198,0.773438,1273,0,256,4081,,0
1,71,199,0.777344,1273,0,0,4081,,0
1,72,200,0.781250,1273,0,0,4081,,0
1,73,201,0.785156,1273,0,0,4081,,0
1,74,202,0.789062,1273,0,0,4081,,0
1,75,203,0.792969,1273,0,4086,2727,,0
1,76,204,0.796875,1273,0,4086,3847,,0
1,77,205,0.800781,1273,0,4087,1607,,0
1,78,206,0.804688,1273,0,7,2247,,0
1,79,207,0.808594,1273,0,23,2023,,0
1,80,208,0.812500,1273,0,23,3847,,0
1,81,209,0.816406,1273,0,23,3079,,0
1,82,210,0.820312,1273,0,24,327,,0
1,83,211,0.824219,1273,0,22,1671,,0
1,84,212,0.828125,1273,0,21,1383,,0
1,85,213,0.832031,1273,0,20,3367,,0
1,86,214,0.835938,1273,0,20,2503,,0
1,87,215,0.839844,1273,0,20,2759,,0
1,88,216,0.843750,1273,0,37,1415,,0
1,89,217,0.847656,1273,0,54,2631,,0
1,90,218,0.851562,1273,0,54,1543,,0
1,91,219,0.855469,1273,0,54,1703,,0
1,92,220,0.859375,1273,0,54,231,,0
1,93,221,0.863281,1273,0,53,4039,,0
1,94,222,0.867188,1273,0,54,3879,,0
1,95,223,0.871094,1273,0,87,2311,,0
1,96,224,0.875000,1273,0,87,1095,,0
1,97,225,0.878906,1273,0,86,1831,,0
1,98,226,0.882812,1273,0,86,2567,,0
1,99,227,0.886719,1273,0,87,3591,,0
1,100,228,0.890625,1273,0,88,487,,0
1,101,229,0.894531,1273,0,89,999,,0
1,102,230,0.898438,1273,0,89,167,,0
1,103,231,0.902344,1273,0,75,648,,0
1,104,232,0.906250,1273,0,60,552,,0
1,105,233,0.910156,1273,0,76,1096,,0
1,106,234,0.914062,1273,0,76,2056,,0
1,107,235,0.917969,1273,0,75,2856,,0
1,108,236,0.921875,1273,0,91,520,,0
1,109,237,0.925781,1273,0,90,1352,,0
1,110,238,0.929688,1273,0,89,1672,,0
1,111,239,0.933594,1273,0,88,2535,,0
1,112,240,0.937500,1273,0,88,1895,,0
1,113,241,0.941406,1273,0,88,391,,0
1,114,242,0.945312,1273,0,87,1703,,0
1,115,243,0.949219,1273,0,86,3015,,0
1,116,244,0.953125,1273,0,87,232,,0
1,117,245,0.957031,1273,0,87,2088,,0
1,118,246,0.960938,1273,0,88,3016,,0
1,119,247,0.964844,1273,0,138,3624,,0
1,120,248,0.968750,1273,0,138,584,,0
1,121,249,0.972656,1273,0,153,1480,,0
1,122,250,0.976562,1273,0,153,1064,,0
1,123,251,0.980469,1273,0,154,680,,0
1,124,252,0.984375,1273,0,155,873,,0
1,125,253,0.988281,1273,0,155,297,,0
1,126,254,0.992188,1273,0,154,2312,,0
1,127,255,0.996094,1273,0,154,232,,0
2,0,256,1.000000,1273,0,9,872,,0
2,1,257,1.003906,1273,0,0,4094,,0
2,2,258,1.007812,1273,0,0,4094,,0
2,3,259,1.011719,1273,0,0,4095,,0
2,4,260,1.015625,1273,0,256,0,,0
2,5,261,1.019531,1273,0,0,0,,0
2,6,262,1.023438,1273,0,0,0,,0
2,7,263,1.027344,1273,0,0,0,,0
2,8,264,1.031250,1273,0,0,0,,0
2,9,265,1.035156,1273,0,0,0,,0
2,10,266,1.039062,1273,0,0,0,,0
2,11,267,1.042969,1273,0,0,0,,0
2,12,268,1.046875,1273,0,256,1,,0
2,13,269,1.050781,1273,0,0,1,,0
2,14,270,1.054688,1273,0,0,1,,0
2,15,271,1.058594,1273,0,0,2,,0
2,16,272,1.062500,1273,0,0,2,,0
2,17,273,1.066406,1273,0,0,2,,0
2,18,274,1.070312,1273,0,256,3,,0
2,19,275,1.074219,1273,0,0,3,,0
2,20,276,1.078125,1273,0,0,4,,0
2,21,277,1.082031,1273,0,0,4,,0
2,22,278,1.085938,1273,0,0,4,,0
2,23,279,1.089844,1273,0,0,4,,0
2,24,280,1.093750,1273,0,0,4,,0
2,25,281,1.097656,1273,0,0,4,,0
2,26,282,1.101562,1273,0,0,4,,0
2,27,283,1.105469,1273,0,0,4,,0
2,28,284,1.109375,1273,0,0,5,,0
2,29,285,1.113281,1273,0,0,5,,0
2,30,286,1.117188,1273,0,256,6,,0
2,31,287,1.121094,1273,0,0,6,,0
2,32,288,1.125000,1273,0,0,6,,0
2,33,289,1.128906,1273,0,0,6,,0
2,34,290,1.132812,1273,0,0,6,,0
2,35,291,1.136719,1273,0,0,6,,0
2,36,292,1.140625,1273,0,0,6,,0
2,37,293,1.144531,1273,0,256,8,,0
2,38,294,1.148438,1273,0,0,8,,0
2,39,295,1.152344,1273,0,0,8,,0
2,40,296,1.156250,1273,0,0,8,,0
2,41,297,1.160156,1273,0,1792,7,,0
2,42,298,1.164062,1273,0,256,8,,0
2,43,299,1.167969,1273,0,0,9,,0
2,44,300,1.171875,1273,0,0,9,,0
2,45,301,1.175781,1273,0,0,9,,0
2,46,302,1.179688,1273,0,0,9,,0
2,47,303,1.183594,1273,0,0,9,,0
2,48,304,1.187500,1273,0,256,10,,0
2,49,305,1.191406,1273,0,0,10,,0
2,50,306,1.195312,1273,0,0,10,,0
2,51,307,1.199219,1273,0,0,10,,0
2,52,308,1.203125,1273,0,0,10,,0
2,53,309,1.207031,1273,0,256,12,,0
2,54,310,1.210938,1273,0,0,12,,0
2,55,311,1.214844,1273,0,0,12,,0
2,56,312,1.218750,1273,0,0,12,,0
2,57,313,1.222656,1273,0,0,12,,0
2,58,314,1.226562,1273,0,0,12,,0
2,59,315,1.230469,1273,0,0,13,,0
2,60,316,1.234375,1273,0,0,13,,0
2,61,317,1.238281,1273,0,0,13,,0
2,62,318,1.242188,1273,0,0,13,,0
2,63,319,1.246094,1273,0,0,13,,0
2,64,320,1.250000,1273,0,0,13,,0
2,65,321,1.253906,1273,0,0,13,,0
2,66,322,1.257812,1273,0,256,14,,0
2,67,323,1.261719,1273,0,0,14,,0
2,68,324,1.265625,1273,0,0,14,,0
2,69,325,1.269531,1273,0,0,14,,0
2,70,326,1.273438,1273,0,256,16,,0
2,71,327,1.277344,1273,0,0,16,,0
2,72,328,1.281250,1273,0,0,16,,0
2,73,329,1.285156,1273,0,0,16,,0
2,74,330,1.289062,1273,0,0,16,,0
2,75,331,1.292969,1273,0,295,1415,,0
2,76,332,1.296875,1273,0,295,743,,0
2,77,333,1.300781,1273,0,278,1927,,0
2,78,334,1.304688,1273,0,278,2823,,0
2,79,335,1.308594,1273,0,278,2791,,0
2,80,336,1.312500,1273,0,279,2503,,0
2,81,337,1.316406,1273,0,280,7,,0
2,82,338,1.320312,1273,0,279,2695,,0
2,83,339,1.324219,1273,0,311,2087,,0
2,84,340,1.328125,1273,0,311,4039,,0
2,85,341,1.332031,1273,0,311,3367,,0
2,86,342,1.335938,1273,0,311,3367,,0
2,87,343,1.339844,1273,0,296,263,,0
2,88,344,1.343750,1273,0,297,455,,0
2,89,345,1.347656,1273,0,298,903,,0
2,90,346,1.351562,1273,0,298,4039,,0
2,91,347,1.355469,1273,0,298,1255,,0
2,92,348,1.359375,1273,0,298,2343,,0
2,93,349,1.363281,1273,0,282,743,,0
2,94,350,1.367188,1273,0,265,2311,,0
2,95,351,1.371094,1273,0,265,2055,,0
2,96,352,1.375000,1273,0,265,679,,0
2,97,353,1.378906,1273,0,265,743,,0
2,98,354,1.382812,1273,0,265,519,,0
2,99,355,1.386719,1273,0,264,935,,0
2,100,356,1.390625,1273,0,247,3367,,0
2,101,357,1.394531,1273,0,247,1575,,0
2,102,358,1.398438,1273,0,246,2663,,0
2,103,359,1.402344,1273,0,247,71,,0
2,104,360,1.406250,1273,0,246,1991,,0
2,105,361,1.410156,1273,0,231,1575,,0
2,106,362,1.414062,1273,0,232,295,,0
2,107,363,1.417969,1273,0,232,3975,,0
2,108,364,1.421875,1273,0,233,1895,,0
2,109,365,1.425781,1273,0,232,3015,,0
2,110,366,1.429688,1273,0,200,2951,,0
2,111,367,1.433594,1273,0,200,1799,,0
2,112,368,1.437500,1273,0,199,647,,0
2,113,369,1.441406,1273,0,198,3111,,0
2,114,370,1.445312,1273,0,199,295,,0
2,115,371,1.449219,1273,0,182,3975,,0
2,116,372,1.453125,1273,0,182,1255,,0
2,117,373,1.457031,1273,0,182,3079,,0
2,118,374,1.460938,1273,0,168,1479,,0
2,119,375,1.464844,1273,0,169,551,,0
2,120,376,1.468750,1273,0,168,3751,,0
2,121,377,1.472656,1273,0,168,743,,0
2,122,378,1.476562,1273,0,167,935,,0
2,123,379,1.480469,1273,0,167,487,,0
2,124,380,1.484375,1273,0,167,999,,0
2,125,381,1.488281,1273,0,168,391,,0
2,126,382,1.492188,1273,0,167,4071,,0
2,127,383,1.496094,1273,0,136,807,,0
3,0,384,1.500000,1273,0,23,2343,,0
3,1,385,1.503906,1273,0,28,29,,0
3,2,386,1.507812,1273,0,29,29,,0
3,3,387,1.511719,1273,0,2078,29,,0
3,4,388,1.515625,1273,0,2079,29,,0
3,5,389,1.519531,1273,0,2080,29,,0
3,6,390,1.523438,1273,0,2081,29,,0
3,7,391,1.527344,1273,0,2082,29,,0
3,8,392,1.531250,1273,0,2083,28,,0
3,9,393,1.535156,1273,0,2084,28,,0
3,10,394,1.539062,1273,0,2341,28,,0
3,11,395,1.542969,1273,0,2342,29,,0
3,12,396,1.546875,1273,0,2087,29,,0
3,13,397,1.550781,1273,0,2088,29,,0
3,14,398,1.554688,1273,0,2089,29,,0
3,15,399,1.558594,1273,0,2090,29,,0
3,16,400,1.562500,1273,0,2091,29,,0
3,17,401,1.566406,1273,0,2092,29,,0
3,18,402,1.570312,1273,0,2093,29,,0
3,19,403,1.574219,1273,0,2094,29,,0
3,20,404,1.578125,1273,0,2095,29,,0
3,21,405,1.582031,1273,0,2096,29,,0
3,22,406,1.585938,1273,0,2097,29,,0
3,23,407,1.589844,1273,0,2098,29,,0
3,24,408,1.593750,1273,0,2099,29,,0
3,25,409,1.597656,1273,0,2100,29,,0
3,26,410,1.601562,1273,0,2101,29,,0
3,27,411,1.605469,1273,0,3894,28,,0
3,28,412,1.609375,1273,0,2103,29,,0
3,29,413,1.613281,1273,0,3896,28,,0
3,30,414,1.617188,1273,0,2105,29,,0
3,31,415,1.621094,1273,0,2106,29,,0
3,32,416,1.625000,1273,0,2107,29,,0
3,33,417,1.628906,1273,0,2108,29,,0
3,34,418,1.632812,1273,0,2109,29,,0
3,35,419,1.636719,1273,0,2110,29,,0
3,36,420,1.640625,1273,0,2111,29,,0
3,37,421,1.644531,1273,0,2112,29,,0
3,38,422,1.648438,1273,0,2113,29,,0
3,39,423,1.652344,1273,0,2114,29,,0
3,40,424,1.656250,1273,0,2115,29,,0
3,41,425,1.660156,1273,0,2116,29,,0
3,42,426,1.664062,1273,0,2117,29,,0
3,43,427,1.667969,1273,0,2118,29,,0
3,44,428,1.671875,1273,0,2119,29,,0
3,45,429,1.675781,1273,0,2120,28,,0
3,46,430,1.679688,1273,0,2121,27,,0
3,47,431,1.683594,1273,0,3914,26,,0
3,48,432,1.687500,1273,0,3915,25,,0
3,49,433,1.691406,1273,0,2124,25,,0
3,50,434,1.695312,1273,0,2125,25,,0
3,51,435,1.699219,1273,0,2126,25,,0
3,52,436,1.703125,1273,0,2127,25,,0
3,53,437,1.707031,1273,0,2128,25,,0
3,54,438,1.710938,1273,0,2129,25,,0
3,55,439,1.714844,1273,0,2130,25,,0
3,56,440,1.718750,1273,0,2131,25,,0
3,57,441,1.722656,1273,0,2132,25,,0
3,58,442,1.726562,1273,0,2133,25,,0
3,59,443,1.730469,1273,0,2134,25,,0
3,60,444,1.734375,1273,0,2135,25,,0
3,61,445,1.738281,1273,0,2136,24,,0
3,62,446,1.742188,1273,0,2137,24,,0
3,63,447,1.746094,1273,0,2138,23,,0
3,64,448,1.750000,1273,0,2139,23,,0
3,65,449,1.753906,1273,0,2140,23,,0
3,66,450,1.757812,1273,0,3933,22,,0
3,67,451,1.761719,1273,0,3933,21,,0
3,68,452,1.765625,1273,0,2141,21,,0
3,69,453,1.769531,1273,0,2141,21,,0
3,70,454,1.773438,1273,0,2141,21,,0
3,71,455,1.777344,1273,0,2141,21,,0
3,72,456,1.781250,1273,0,2141,21,,0
3,73,457,1.785156,1273,0,2141,21,,0
3,74,458,1.789062,1273,0,2141,21,,0
3,75,459,1.792969,1273,0,3927,2503,,0
3,76,460,1.796875,1273,0,3927,2152,,0
3,77,461,1.800781,1273,0,3927,2087,,0
3,78,462,1.804688,1273,0,3927,2280,,0
3,79,463,1.808594,1273,0,3927,967,,0
3,80,464,1.812500,1273,0,3927,3719,,0
3,81,465,1.816406,1273,0,3927,3335,,0
3,82,466,1.820312,1273,0,3911,2023,,0
3,83,467,1.824219,1273,0,3895,3271,,0
3,84,468,1.828125,1273,0,3895,135,,0
3,85,469,1.832031,1273,0,3894,3271,,0
3,86,470,1.835938,1273,0,3895,1319,,0
3,87,471,1.839844,1273,0,3880,103,,0
3,88,472,1.843750,1273,0,3863,807,,0
3,89,473,1.847656,1273,0,3862,3623,,0
3,90,474,1.851562,1273,0,3863,1351,,0
3,91,475,1.855469,1273,0,3863,3432,,0
3,92,476,1.859375,1273,0,3863,2887,,0
3,93,477,1.863281,1273,0,3863,2887,,0
3,94,478,1.867188,1273,0,3865,1063,,0
3,95,479,1.871094,1273,0,3865,1799,,0
3,96,480,1.875000,1273,0,3881,2951,,0
3,97,481,1.878906,1273,0,3897,3719,,0
3,98,482,1.882812,1273,0,3914,776,,0
3,99,483,1.886719,1273,0,3913,3015,,0
3,100,484,1.890625,1273,0,3929,743,,0
3,101,485,1.894531,1273,0,3929,1895,,0
3,102,486,1.898438,1273,0,3929,1223,,0
3,103,487,1.902344,1273,0,3929,4008,,0
3,104,488,1.906250,1273,0,3930,264,,0
3,105,489,1.910156,1273,0,3930,1160,,0
3,106,490,1.914062,1273,0,3930,1064,,0
3,107,491,1.917969,1273,0,3927,3975,,0
3,108,492,1.921875,1273,0,3927,1735,,0
3,109,493,1.925781,1273,0,3928,1799,,0
3,110,494,1.929688,1273,0,3929,359,,0
3,111,495,1.933594,1273,0,3928,4071,,0
3,112,496,1.937500,1273,0,3896,3111,,0
3,113,497,1.941406,1273,0,3896,3335,,0
3,114,498,1.945312,1273,0,3896,3143,,0
3,115,499,1.949219,1273,0,3895,967,,0
3,116,500,1.953125,1273,0,3894,1927,,0
3,117,501,1.957031,1273,0,3894,359,,0
3,118,502,1.960938,1273,0,3878,583,,0
3,119,503,1.964844,1273,0,3877,3623,,0
3,120,504,1.968750,1273,0,3862,3047,,0
3,121,505,1.972656,1273,0,3863,135,,0
3,122,506,1.976562,1273,0,3862,2439,,0
3,123,507,1.980469,1273,0,3861,3495,,0
3,124,508,1.984375,1273,0,3862,1415,,0
3,125,509,1.988281,1273,0,3862,231,,0
3,126,510,1.992188,1273,0,3861,711,,0
3,127,511,1.996094,1273,0,3861,3207,,0
4,0,512,2.000000,1273,0,2102,2247,,0
4,1,513,2.003906,1273,0,2110,8,,0
4,2,514,2.007812,1273,0,2109,8,,0
4,3,515,2.011719,1273,0,2108,8,,0
4,4,516,2.015625,1273,0,3899,7,,0
4,5,517,2.019531,1273,0,2106,6,,0
4,6,518,2.023438,1273,0,2105,6,,0
4,7,519,2.027344,1273,0,2104,6,,0
4,8,520,2.031250,1273,0,2103,6,,0
4,9,521,2.035156,1273,0,2102,6,,0
4,10,522,2.039062,1273,0,2101,6,,0
4,11,523,2.042969,1273,0,2100,5,,0
4,12,524,2.046875,1273,0,2099,5,,0
4,13,525,2.050781,1273,0,2098,5,,0
4,14,526,2.054688,1273,0,3889,4,,0
4,15,527,2.058594,1273,0,2096,4,,0
4,16,528,2.062500,1273,0,2095,4,,0
4,17,529,2.066406,1273,0,2094,4,,0
4,18,530,2.070312,1273,0,3885,3,,0
4,19,531,2.074219,1273,0,2092,3,,0
4,20,532,2.078125,1273,0,2091,3,,0
4,21,533,2.082031,1273,0,2090,3,,0
4,22,534,2.085938,1273,0,2089,3,,0
4,23,535,2.089844,1273,0,2088,2,,0
4,24,536,2.093750,1273,0,2087,2,,0
4,25,537,2.097656,1273,0,2086,2,,0
4,26,538,2.101562,1273,0,2085,2,,0
4,27,539,2.105469,1273,0,2084,2,,0
4,28,540,2.109375,1273,0,2083,2,,0
4,29,541,2.113281,1273,0,2082,2,,0
4,30,542,2.117188,1273,0,2081,1,,0
4,31,543,2.121094,1273,0,2080,1,,0
4,32,544,2.125000,1273,0,2079,1,,0
4,33,545,2.128906,1273,0,3870,0,,0
4,34,546,2.132812,1273,0,29,1,,0
4,35,547,2.136719,1273,0,28,0,,0
4,36,548,2.140625,1273,0,27,0,,0
4,37,549,2.144531,1273,0,26,0,,0
4,38,550,2.148438,1273,0,25,0,,0
4,39,551,2.152344,1273,0,24,0,,0
4,40,552,2.156250,1273,0,23,0,,0
4,41,553,2.160156,1273,0,22,4095,,0
4,42,554,2.164062,1273,0,1813,4094,,0
4,43,555,2.167969,1273,0,20,4094,,0
4,44,556,2.171875,1273,0,19,4094,,0
4,45,557,2.175781,1273,0,18,4094,,0
4,46,558,2.179688,1273,0,17,4093,,0
4,47,559,2.183594,1273,0,16,4093,,0
4,48,560,2.187500,1273,0,15,4093,,0
4,49,561,2.191406,1273,0,14,4093,,0
4,50,562,2.195312,1273,0,13,4093,,0
4,51,563,2.199219,1273,0,12,4093,,0
4,52,564,2.203125,1273,0,1803,4092,,0
4,53,565,2.207031,1273,0,10,4092,,0
4,54,566,2.210938,1273,0,9,4092,,0
4,55,567,2.214844,1273,0,8,4092,,0
4,56,568,2.218750,1273,0,1799,4091,,0
4,57,569,2.222656,1273,0,6,4091,,0
4,58,570,2.226562,1273,0,5,4091,,0
4,59,571,2.230469,1273,0,4,4090,,0
4,60,572,2.234375,1273,0,3,4090,,0
4,61,573,2.238281,1273,0,2,4090,,0
4,62,574,2.242188,1273,0,1,4090,,0
4,63,575,2.246094,1273,0,0,4089,,0
4,64,576,2.250000,1273,0,0,4089,,0
4,65,577,2.253906,1273,0,0,4089,,0
4,66,578,2.257812,1273,0,0,4089,,0
4,67,579,2.261719,1273,0,0,4089,,0
4,68,580,2.265625,1273,0,0,4089,,0
4,69,581,2.269531,1273,0,0,4089,,0
4,70,582,2.273438,1273,0,0,4089,,0
4,71,583,2.277344,1273,0,1792,4088,,0
4,72,584,2.281250,1273,0,0,4088,,0
4,73,585,2.285156,1273,0,0,4088,,0
4,74,586,2.289062,1273,0,0,4088,,0
4,75,587,2.292969,1273,0,4038,1959,,0
4,76,588,2.296875,1273,0,4037,1255,,0
4,77,589,2.300781,1273,0,4037,1159,,0
4,78,590,2.304688,1273,0,4053,775,,0
4,79,591,2.308594,1273,0,4053,391,,0
4,80,592,2.312500,1273,0,4069,2151,,0
4,81,593,2.316406,1273,0,4070,935,,0
4,82,594,2.320312,1273,0,4070,519,,0
4,83,595,2.324219,1273,0,4070,3175,,0
4,84,596,2.328125,1273,0,4071,1447,,0
4,85,597,2.332031,1273,0,4071,4039,,0
4,86,598,2.335938,1273,0,4087,3847,,0
4,87,599,2.339844,1273,0,8,1191,,0
4,88,600,2.343750,1273,0,8,487,,0
4,89,601,2.347656,1273,0,7,679,,0
4,90,602,2.351562,1273,0,7,2951,,0
4,91,603,2.355469,1273,0,8,1671,,0
4,92,604,2.359375,1273,0,8,2503,,0
4,93,605,2.363281,1273,0,8,263,,0
4,94,606,2.367188,1273,0,8,2055,,0
4,95,607,2.371094,1273,0,24,711,,0
4,96,608,2.375000,1273,0,24,1511,,0
4,97,609,2.378906,1273,0,24,4071,,0
4,98,610,2.382812,1273,0,40,3335,,0
4,99,611,2.386719,1273,0,41,551,,0
4,100,612,2.390625,1273,0,41,615,,0
4,101,613,2.394531,1273,0,57,1287,,0
4,102,614,2.398438,1273,0,57,1287,,0
4,103,615,2.402344,1273,0,72,3047,,0
4,104,616,2.406250,1273,0,72,647,,0
4,105,617,2.410156,1273,0,71,1831,,0
4,106,618,2.414062,1273,0,71,2343,,0
4,107,619,2.417969,1273,0,71,1000,,0
4,108,620,2.421875,1273,0,70,2280,,0
4,109,621,2.425781,1273,0,71,2024,,0
4,110,622,2.429688,1273,0,71,456,,0
4,111,623,2.433594,1273,0,86,3591,,0
4,112,624,2.437500,1273,0,86,647,,0
4,113,625,2.441406,1273,0,102,3623,,0
4,114,626,2.445312,1273,0,102,3560,,0
4,115,627,2.449219,1273,0,103,2120,,0
4,116,628,2.453125,1273,0,103,2664,,0
4,117,629,2.457031,1273,0,103,3688,,0
4,118,630,2.460938,1273,0,103,3879,,0
4,119,631,2.464844,1273,0,104,1511,,0
4,120,632,2.468750,1273,0,136,1767,,0
4,121,633,2.472656,1273,0,136,3271,,0
4,122,634,2.476562,1273,0,135,3207,,0
4,123,635,2.480469,1273,0,135,1127,,0
4,124,636,2.484375,1273,0,117,3752,,0
4,125,637,2.488281,1273,0,134,1960,,0
4,126,638,2.492188,1273,0,152,616,,0
4,127,639,2.496094,1273,0,152,2535,,0
5,0,640,2.500000,1273,0,9,1767,,0
5,1,641,2.503906,1273,0,0,4081,,0
5,2,642,2.507812,1273,0,0,4081,,0
5,3,643,2.511719,1273,0,0,4080,,0
5,4,644,2.515625,1273,0,0,4079,,0
5,5,645,2.519531,1273,0,0,4079,,0
5,6,646,2.523438,1273,0,0,4079,,0
5,7,647,2.527344,1273,0,0,4079,,0
5,8,648,2.531250,1273,0,0,4079,,0
5,9,649,2.535156,1273,0,0,4079,,0
5,10,650,2.539062,1273,0,0,4079,,0
5,11,651,2.542969,1273,0,0,4079,,0
5,12,652,2.546875,1273,0,0,4079,,0
5,13,653,2.550781,1273,0,0,4079,,0
5,14,654,2.554688,1273,0,0,4079,,0
5,15,655,2.558594,1273,0,0,4079,,0
5,16,656,2.562500,1273,0,0,4079,,0
5,17,657,2.566406,1273,0,0,4079,,0
5,18,658,2.570312,1273,0,0,4079,,0
5,19,659,2.574219,1273,0,0,4079,,0
5,20,660,2.578125,1273,0,0,4080,,0
5,21,661,2.582031,1273,0,1792,4079,,0
5,22,662,2.585938,1273,0,1792,4079,,0
5,23,663,2.589844,1273,0,0,4079,,0
5,24,664,2.593750,1273,0,0,4079,,0
5,25,665,2.597656,1273,0,0,4079,,0
5,26,666,2.601562,1273,0,0,4079,,0
5,27,667,2.605469,1273,0,0,4079,,0
5,28,668,2.609375,1273,0,0,4079,,0
5,29,669,2.613281,1273,0,0,4079,,0
5,30,670,2.617188,1273,0,0,4079,,0
5,31,671,2.621094,1273,0,0,4079,,0
5,32,672,2.625000,1273,0,0,4079,,0
5,33,673,2.628906,1273,0,256,4080,,0
5,34,674,2.632812,1273,0,0,4080,,0
5,35,675,2.636719,1273,0,0,4080,,0
5,36,676,2.640625,1273,0,0,4080,,0
5,37,677,2.644531,1273,0,0,4080,,0
5,38,678,2.648438,1273,0,0,4080,,0
5,39,679,2.652344,1273,0,0,4080,,0
5,40,680,2.656250,1273,0,256,4082,,0
5,41,681,2.660156,1273,0,0,4083,,0
5,42,682,2.664062,1273,0,0,4083,,0
5,43,683,2.667969,1273,0,0,4083,,0
5,44,684,2.671875,1273,0,0,4083,,0
5,45,685,2.675781,1273,0,0,4083,,0
5,46,686,2.679688,1273,0,0,4083,,0
5,47,687,2.683594,1273,0,0,4083,,0
5,48,688,2.687500,1273,0,0,4083,,0
5,49,689,2.691406,1273,0,0,4083,,0
5,50,690,2.695312,1273,0,0,4083,,0
5,51,691,2.699219,1273,0,0,4083,,0
5,52,692,2.703125,1273,0,0,4083,,0
5,53,693,2.707031,1273,0,0,4083,,0
5,54,694,2.710938,1273,0,0,4083,,0
5,55,695,2.714844,1273,0,0,4083,,0
5,56,696,2.718750,1273,0,0,4083,,0
5,57,697,2.722656,1273,0,0,4083,,0
5,58,698,2.726562,1273,0,256,4084,,0
5,59,699,2.730469,1273,0,0,4085,,0
5,60,700,2.734375,1273,0,0,4086,,0
5,61,701,2.738281,1273,0,256,4087,,0
5,62,702,2.742188,1273,0,0,4087,,0
5,63,703,2.746094,1273,0,0,4087,,0
5,64,704,2.750000,1273,0,0,4087,,0
5,65,705,2.753906,1273,0,0,4087,,0
5,66,706,2.757812,1273,0,0,4087,,0
5,67,707,2.761719,1273,0,0,4087,,0
5,68,708,2.765625,1273,0,0,4087,,0
5,69,709,2.769531,1273,0,0,4087,,0
5,70,710,2.773438,1273,0,0,4087,,0
5,71,711,2.777344,1273,0,0,4087,,0
5,72,712,2.781250,1273,0,0,4087,,0
5,73,713,2.785156,1273,0,0,4087,,0
5,74,714,2.789062,1273,0,0,4088,,0
5,75,715,2.792969,1273,0,423,2759,,0
5,76,716,2.796875,1273,0,439,4039,,0
5,77,717,2.800781,1273,0,457,1960,,0
5,78,718,2.804688,1273,0,458,168,,0
5,79,719,2.808594,1273,0,457,4040,,0
5,80,720,2.812500,1273,0,473,2600,,0
5,81,721,2.816406,1273,0,473,4072,,0
5,82,722,2.820312,1273,0,472,1576,,0
5,83,723,2.824219,1273,0,471,3944,,0
5,84,724,2.828125,1273,0,472,2824,,0
5,85,725,2.832031,1273,0,471,3528,,0
5,86,726,2.835938,1273,0,471,327,,0
5,87,727,2.839844,1273,0,470,3336,,0
5,88,728,2.843750,1273,0,470,968,,0
5,89,729,2.847656,1273,0,470,2248,,0
5,90,730,2.851562,1273,0,471,839,,0
5,91,731,2.855469,1273,0,454,2632,,0
5,92,732,2.859375,1273,0,454,3528,,0
5,93,733,2.863281,1273,0,455,3144,,0
5,94,734,2.867188,1273,0,472,3400,,0
5,95,735,2.871094,1273,0,473,904,,0
5,96,736,2.875000,1273,0,473,1672,,0
5,97,737,2.878906,1273,0,472,2280,,0
5,98,738,2.882812,1273,0,472,2728,,0
5,99,739,2.886719,1273,0,472,2439,,0
5,100,740,2.890625,1273,0,471,3271,,0
5,101,741,2.894531,1273,0,472,1416,,0
5,102,742,2.898438,1273,0,474,648,,0
5,103,743,2.902344,1273,0,473,3720,,0
5,104,744,2.906250,1273,0,474,8,,0
5,105,745,2.910156,1273,0,474,1352,,0
5,106,746,2.914062,1273,0,473,1768,,0
5,107,747,2.917969,1273,0,473,2472,,0
5,108,748,2.921875,1273,0,472,2791,,0
5,109,749,2.925781,1273,0,472,1575,,0
5,110,750,2.929688,1273,0,456,2407,,0
5,111,751,2.933594,1273,0,473,231,,0
5,112,752,2.937500,1273,0,457,1191,,0
5,113,753,2.941406,1273,0,472,2055,,0
5,114,754,2.945312,1273,0,472,935,,0
5,115,755,2.949219,1273,0,471,3207,,0
5,116,756,2.953125,1273,0,472,1543,,0
5,117,757,2.957031,1273,0,472,2023,,0
5,118,758,2.960938,1273,0,471,3783,,0
5,119,759,2.964844,1273,0,471,3399,,0
5,120,760,2.968750,1273,0,471,3111,,0
5,121,761,2.972656,1273,0,471,3879,,0
5,122,762,2.976562,1273,0,471,615,,0
5,123,763,2.980469,1273,0,470,3207,,0
5,124,764,2.984375,1273,0,470,1127,,0
5,125,765,2.988281,1273,0,470,583,,0
5,126,766,2.992188,1273,0,470,135,,0
5,127,767,2.996094,1273,0,470,391,,0
6,0,768,3.000000,1273,0,262,2631,,0
6,1,769,3.003906,1273,0,0,5,,0
6,2,770,3.007812,1273,0,0,5,,0
6,3,771,3.011719,1273,0,0,5,,0
6,4,772,3.015625,1273,0,0,5,,0
6,5,773,3.019531,1273,0,0,5,,0
6,6,774,3.023438,1273,0,0,5,,0
6,7,775,3.027344,1273,0,0,6,,0
6,8,776,3.031250,1273,0,0,6,,0
6,9,777,3.035156,1273,0,0,6,,0
6,10,778,3.039062,1273,0,0,6,,0
6,11,779,3.042969,1273,0,0,7,,0
6,12,780,3.046875,1273,0,256,8,,0
6,13,781,3.050781,1273,0,0,8,,0
6,14,782,3.054688,1273,0,0,8,,0
6,15,783,3.058594,1273,0,0,8,,0
6,16,784,3.062500,1273,0,0,8,,0
6,17,785,3.066406,1273,0,0,8,,0
6,18,786,3.070312,1273,0,0,8,,0
6,19,787,3.074219,1273,0,256,9,,0
6,20,788,3.078125,1273,0,1792,8,,0
6,21,789,3.082031,1273,0,256,9,,0
6,22,790,3.085938,1273,0,0,9,,0
6,23,791,3.089844,1273,0,0,9,,0
6,24,792,3.093750,1273,0,0,9,,0
6,25,793,3.097656,1273,0,0,9,,0
6,26,794,3.101562,1273,0,0,10,,0
6,27,795,3.105469,1273,0,0,10,,0
6,28,796,3.109375,1273,0,0,10,,0
6,29,797,3.113281,1273,0,0,10,,0
6,30,798,3.117188,1273,0,0,10,,0
6,31,799,3.121094,1273,0,0,10,,0
6,32,800,3.125000,1273,0,0,10,,0
6,33,801,3.128906,1273,0,256,11,,0
6,34,802,3.132812,1273,0,0,11,,0
6,35,803,3.136719,1273,0,0,12,,0
6,36,804,3.140625,1273,0,0,12,,0
6,37,805,3.144531,1273,0,0,12,,0
6,38,806,3.148438,1273,0,0,12,,0
6,39,807,3.152344,1273,0,0,12,,0
6,40,808,3.156250,1273,0,0,12,,0
6,41,809,3.160156,1273,0,0,12,,0
6,42,810,3.164062,1273,0,256,13,,0
6,43,811,3.167969,1273,0,0,13,,0
6,44,812,3.171875,1273,0,0,13,,0
6,45,813,3.175781,1273,0,0,14,,0
6,46,814,3.179688,1273,0,0,14,,0
6,47,815,3.183594,1273,0,0,14,,0
6,48,816,3.187500,1273,0,0,14,,0
6,49,817,3.191406,1273,0,0,15,,0
6,50,818,3.195312,1273,0,0,15,,0
6,51,819,3.199219,1273,0,0,15,,0
6,52,820,3.203125,1273,0,0,15,,0
6,53,821,3.207031,1273,0,256,16,,0
6,54,822,3.210938,1273,0,0,16,,0
6,55,823,3.214844,1273,0,0,16,,0
6,56,824,3.218750,1273,0,0,16,,0
6,57,825,3.222656,1273,0,0,16,,0
6,58,826,3.226562,1273,0,0,16,,0
6,59,827,3.230469,1273,0,0,16,,0
6,60,828,3.234375,1273,0,256,17,,0
6,61,829,3.238281,1273,0,0,17,,0
6,62,830,3.242188,1273,0,0,17,,0
6,63,831,3.246094,1273,0,0,17,,0
6,64,832,3.250000,1273,0,1792,17,,0
6,65,833,3.253906,1273,0,256,18,,0
6,66,834,3.257812,1273,0,0,18,,0
6,67,835,3.261719,1273,0,0,18,,0
6,68,836,3.265625,1273,0,0,19,,0
6,69,837,3.269531,1273,0,0,19,,0
6,70,838,3.273438,1273,0,0,19,,0
6,71,839,3.277344,1273,0,0,19,,0
6,72,840,3.281250,1273,0,0,19,,0
6,73,841,3.285156,1273,0,0,19,,0
6,74,842,3.289062,1273,0,256,20,,0
6,75,843,3.292969,1273,0,166,3047,,0
6,76,844,3.296875,1273,0,166,1447,,0
6,77,845,3.300781,1273,0,166,3367,,0
6,78,846,3.304688,1273,0,151,1479,,0
6,79,847,3.308594,1273,0,151,1159,,0
6,80,848,3.312500,1273,0,134,4007,,0
6,81,849,3.316406,1273,0,135,711,,0
6,82,850,3.320312,1273,0,135,3687,,0
6,83,851,3.324219,1273,0,135,2663,,0
6,84,852,3.328125,1273,0,135,3335,,0
6,85,853,3.332031,1273,0,135,2727,,0
6,86,854,3.335938,1273,0,136,519,,0
6,87,855,3.339844,1273,0,120,3719,,0
6,88,856,3.343750,1273,0,104,4007,,0
6,89,857,3.347656,1273,0,104,3367,,0
6,90,858,3.351562,1273,0,104,455,,0
6,91,859,3.355469,1273,0,103,3815,,0
6,92,860,3.359375,1273,0,103,2599,,0
6,93,861,3.363281,1273,0,103,1671,,0
6,94,862,3.367188,1273,0,88,1863,,0
6,95,863,3.371094,1273,0,88,2055,,0
6,96,864,3.375000,1273,0,87,4071,,0
6,97,865,3.378906,1273,0,71,2535,,0
6,98,866,3.382812,1273,0,72,679,,0
6,99,867,3.386719,1273,0,73,551,,0
6,100,868,3.390625,1273,0,72,3943,,0
6,101,869,3.394531,1273,0,57,2759,,0
6,102,870,3.398438,1273,0,57,4007,,0
6,103,871,3.402344,1273,0,58,935,,0
6,104,872,3.406250,1273,0,57,3399,,0
6,105,873,3.410156,1273,0,57,3528,,0
6,106,874,3.414062,1273,0,41,967,,0
6,107,875,3.417969,1273,0,40,1031,,0
6,108,876,3.421875,1273,0,40,1031,,0
6,109,877,3.425781,1273,0,41,1447,,0
6,110,878,3.429688,1273,0,42,423,,0
6,111,879,3.433594,1273,0,41,2472,,0
6,112,880,3.437500,1273,0,41,2023,,0
6,113,881,3.441406,1273,0,25,3879,,0
6,114,882,3.445312,1273,0,25,551,,0
6,115,883,3.449219,1273,0,24,1671,,0
6,116,884,3.453125,1273,0,8,1735,,0
6,117,885,3.457031,1273,0,24,1831,,0
6,118,886,3.460938,1273,0,7,3303,,0
6,119,887,3.464844,1273,0,7,2183,,0
6,120,888,3.468750,1273,0,6,3495,,0
6,121,889,3.472656,1273,0,6,3207,,0
6,122,890,3.476562,1273,0,7,1095,,0
6,123,891,3.480469,1273,0,7,231,,0
6,124,892,3.484375,1273,0,4086,3367,,0
6,125,893,3.488281,1273,0,4071,1927,,0
6,126,894,3.492188,1273,0,4071,71,,0
6,127,895,3.496094,1273,0,4070,4039,,0
7,0,896,3.500000,1273,0,2087,647,,0
7,1,897,3.503906,1273,0,2095,25,,0
7,2,898,3.507812,1273,0,2096,25,,0
7,3,899,3.511719,1273,0,2097,25,,0
7,4,900,3.515625,1273,0,2098,25,,0
7,5,901,3.519531,1273,0,3891,24,,0
7,6,902,3.523438,1273,0,2100,24,,0
7,7,903,3.527344,1273,0,3893,23,,0
7,8,904,3.531250,1273,0,2102,23,,0
7,9,905,3.535156,1273,0,2103,23,,0
7,10,906,3.539062,1273,0,2104,23,,0
7,11,907,3.542969,1273,0,2105,23,,0
7,12,908,3.546875,1273,0,2106,23,,0
7,13,909,3.550781,1273,0,2107,23,,0
7,14,910,3.554688,1273,0,2108,24,,0
7,15,911,3.558594,1273,0,2109,25,,0
7,16,912,3.562500,1273,0,2110,25,,0
7,17,913,3.566406,1273,0,2111,25,,0
7,18,914,3.570312,1273,0,2112,25,,0
7,19,915,3.574219,1273,0,2113,25,,0
7,20,916,3.578125,1273,0,2114,25,,0
7,21,917,3.582031,1273,0,2115,25,,0
7,22,918,3.585938,1273,0,2116,25,,0
7,23,919,3.589844,1273,0,2117,25,,0
7,24,920,3.593750,1273,0,2118,25,,0
7,25,921,3.597656,1273,0,2119,25,,0
7,26,922,3.601562,1273,0,2120,24,,0
7,27,923,3.605469,1273,0,2121,24,,0
7,28,924,3.609375,1273,0,2122,24,,0
7,29,925,3.613281,1273,0,2379,25,,0
7,30,926,3.617188,1273,0,2380,26,,0
7,31,927,3.621094,1273,0,2125,26,,0
7,32,928,3.625000,1273,0,3918,25,,0
7,33,929,3.628906,1273,0,2127,24,,0
7,34,930,3.632812,1273,0,2384,25,,0
7,35,931,3.636719,1273,0,2129,25,,0
7,36,932,3.640625,1273,0,2130,25,,0
7,37,933,3.644531,1273,0,2131,25,,0
7,38,934,3.648438,1273,0,2132,25,,0
7,39,935,3.652344,1273,0,2133,25,,0
7,40,936,3.656250,1273,0,2134,25,,0
7,41,937,3.660156,1273,0,2135,25,,0
7,42,938,3.664062,1273,0,2136,25,,0
7,43,939,3.667969,1273,0,2137,25,,0
7,44,940,3.671875,1273,0,2138,25,,0
7,45,941,3.675781,1273,0,2139,25,,0
7,46,942,3.679688,1273,0,3932,24,,0
7,47,943,3.683594,1273,0,2141,24,,0
7,48,944,3.687500,1273,0,2142,24,,0
7,49,945,3.691406,1273,0,3935,23,,0
7,50,946,3.695312,1273,0,2144,23,,0
7,51,947,3.699219,1273,0,2145,22,,0
7,52,948,3.703125,1273,0,2146,22,,0
7,53,949,3.707031,1273,0,2147,22,,0
7,54,950,3.710938,1273,0,2147,21,,0
7,55,951,3.714844,1273,0,2147,21,,0
7,56,952,3.718750,1273,0,2147,21,,0
7,57,953,3.722656,1273,0,2147,21,,0
7,58,954,3.726562,1273,0,2147,21,,0
7,59,955,3.730469,1273,0,2147,21,,0
7,60,956,3.734375,1273,0,2147,21,,0
7,61,957,3.738281,1273,0,2147,21,,0
7,62,958,3.742188,1273,0,2147,21,,0
7,63,959,3.746094,1273,0,2147,21,,0
7,64,960,3.750000,1273,0,2147,21,,0
7,65,961,3.753906,1273,0,3939,20,,0
7,66,962,3.757812,1273,0,2147,20,,0
7,67,963,3.761719,1273,0,2147,20,,0
7,68,964,3.765625,1273,0,2147,20,,0
7,69,965,3.769531,1273,0,2147,19,,0
7,70,966,3.773438,1273,0,3939,18,,0
7,71,967,3.777344,1273,0,2147,18,,0
7,72,968,3.781250,1273,0,2147,17,,0
7,73,969,3.785156,1273,0,2147,17,,0
7,74,970,3.789062,1273,0,2147,17,,0
7,75,971,3.792969,1273,0,3865,3816,,0
7,76,972,3.796875,1273,0,3865,2632,,0
7,77,973,3.800781,1273,0,3865,2792,,0
7,78,974,3.804688,1273,0,3866,776,,0
7,79,975,3.808594,1273,0,3865,2152,,0
7,80,976,3.812500,1273,0,3863,3175,,0
7,81,977,3.816406,1273,0,3862,647,,0
7,82,978,3.820312,1273,0,3861,3335,,0
7,83,979,3.824219,1273,0,3862,2887,,0
7,84,980,3.828125,1273,0,3863,1767,,0
7,85,981,3.832031,1273,0,3864,4008,,0
7,86,982,3.835938,1273,0,3849,2631,,0
7,87,983,3.839844,1273,0,3831,3079,,0
7,88,984,3.843750,1273,0,3831,7,,0
7,89,985,3.847656,1273,0,3831,1223,,0
7,90,986,3.851562,1273,0,3831,455,,0
7,91,987,3.855469,1273,0,3830,3047,,0
7,92,988,3.859375,1273,0,3831,7,,0
7,93,989,3.863281,1273,0,3831,2248,,0
7,94,990,3.867188,1273,0,3831,1735,,0
7,95,991,3.871094,1273,0,3831,519,,0
7,96,992,3.875000,1273,0,3830,3623,,0
7,97,993,3.878906,1273,0,3830,1768,,0
7,98,994,3.882812,1273,0,3830,2663,,0
7,99,995,3.886719,1273,0,3831,519,,0
7,100,996,3.890625,1273,0,3830,2663,,0
7,101,997,3.894531,1273,0,3830,3111,,0
7,102,998,3.898438,1273,0,3830,2631,,0
7,103,999,3.902344,1273,0,3846,2791,,0
7,104,1000,3.906250,1273,0,3830,2727,,0
7,105,1001,3.910156,1273,0,3831,2504,,0
7,106,1002,3.914062,1273,0,3832,2951,,0
7,107,1003,3.917969,1273,0,3832,1223,,0
7,108,1004,3.921875,1273,0,3832,615,,0
7,109,1005,3.925781,1273,0,3831,1959,,0
7,110,1006,3.929688,1273,0,3831,2535,,0
7,111,1007,3.933594,1273,0,3831,2919,,0
7,112,1008,3.937500,1273,0,3831,2983,,0
7,113,1009,3.941406,1273,0,3831,647,,0
7,114,1010,3.945312,1273,0,3831,1767,,0
7,115,1011,3.949219,1273,0,3833,359,,0
7,116,1012,3.953125,1273,0,3850,2055,,0
7,117,1013,3.957031,1273,0,3849,3783,,0
7,118,1014,3.960938,1273,0,3849,1255,,0
7,119,1015,3.964844,1273,0,3848,2663,,0
7,120,1016,3.968750,1273,0,3849,2695,,0
7,121,1017,3.972656,1273,0,3850,2088,,0
7,122,1018,3.976562,1273,0,3849,3976,,0
7,123,1019,3.980469,1273,0,3881,2408,,0
7,124,1020,3.984375,1273,0,3898,1064,,0
7,125,1021,3.988281,1273,0,3897,3464,,0
7,126,1022,3.992188,1273,0,3897,1000,,0
7,127,1023,3.996094,1273,0,3898,392,,0
8,0,1024,4.000000,1273,0,2106,3144,,0
8,1,1025,4.003906,1273,0,2097,7,,0
8,2,1026,4.007812,1273,0,2096,7,,0
8,3,1027,4.011719,1273,0,2095,7,,0
8,4,1028,4.015625,1273,0,2094,7,,0
8,5,1029,4.019531,1273,0,2093,6,,0
8,6,1030,4.023438,1273,0,2092,6,,0
8,7,1031,4.027344,1273,0,3883,5,,0
8,8,1032,4.031250,1273,0,2090,5,,0
8,9,1033,4.035156,1273,0,2089,5,,0
8,10,1034,4.039062,1273,0,2088,5,,0
8,11,1035,4.042969,1273,0,3879,4,,0
8,12,1036,4.046875,1273,0,2086,3,,0
8,13,1037,4.050781,1273,0,2085,4,,0
8,14,1038,4.054688,1273,0,2084,3,,0
8,15,1039,4.058594,1273,0,2083,3,,0
8,16,1040,4.062500,1273,0,2082,3,,0
8,17,1041,4.066406,1273,0,2081,3,,0
8,18,1042,4.070312,1273,0,2080,3,,0
8,19,1043,4.074219,1273,0,2079,3,,0
8,20,1044,4.078125,1273,0,2078,3,,0
8,21,1045,4.082031,1273,0,29,3,,0
8,22,1046,4.085938,1273,0,28,3,,0
8,23,1047,4.089844,1273,0,27,3,,0
8,24,1048,4.093750,1273,0,26,3,,0
8,25,1049,4.097656,1273,0,25,3,,0
8,26,1050,4.101562,1273,0,24,2,,0
8,27,1051,4.105469,1273,0,23,2,,0
8,28,1052,4.109375,1273,0,1814,1,,0
8,29,1053,4.113281,1273,0,21,1,,0
8,30,1054,4.117188,1273,0,20,1,,0
8,31,1055,4.121094,1273,0,19,1,,0
8,32,1056,4.125000,1273,0,18,1,,0
8,33,1057,4.128906,1273,0,17,1,,0
8,34,1058,4.132812,1273,0,16,1,,0
8,35,1059,4.136719,1273,0,15,0,,0
8,36,1060,4.140625,1273,0,1806,4095,,0
8,37,1061,4.144531,1273,0,13,4095,,0
8,38,1062,4.148438,1273,0,12,4095,,0
8,39,1063,4.152344,1273,0,11,4095,,0
8,40,1064,4.156250,1273,0,10,4095,,0
8,41,1065,4.160156,1273,0,9,4095,,0
8,42,1066,4.164062,1273,0,8,4095,,0
8,43,1067,4.167969,1273,0,7,4095,,0
8,44,1068,4.171875,1273,0,6,4095,,0
8,45,1069,4.175781,1273,0,5,4095,,0
8,46,1070,4.179688,1273,0,4,4094,,0
8,47,1071,4.183594,1273,0,3,4094,,0
8,48,1072,4.187500,1273,0,2,4094,,0
8,49,1073,4.191406,1273,0,1,4094,,0
8,50,1074,4.195312,1273,0,0,4094,,0
8,51,1075,4.199219,1273,0,1792,4093,,0
8,52,1076,4.203125,1273,0,0,4093,,0
8,53,1077,4.207031,1273,0,0,4092,,0
8,54,1078,4.210938,1273,0,0,4092,,0
8,55,1079,4.214844,1273,0,0,4092,,0
8,56,1080,4.218750,1273,0,0,4092,,0
8,57,1081,4.222656,1273,0,0,4093,,0
8,58,1082,4.226562,1273,0,0,4092,,0
8,59,1083,4.230469,1273,0,0,4092,,0
8,60,1084,4.234375,1273,0,0,4092,,0
8,61,1085,4.238281,1273,0,0,4092,,0
8,62,1086,4.242188,1273,0,0,4092,,0
8,63,1087,4.246094,1273,0,1792,4091,,0
8,64,1088,4.250000,1273,0,0,4091,,0
8,65,1089,4.253906,1273,0,0,4091,,0
8,66,1090,4.257812,1273,0,0,4091,,0
8,67,1091,4.261719,1273,0,0,4090,,0
8,68,1092,4.265625,1273,0,0,4089,,0
8,69,1093,4.269531,1273,0,0,4089,,0
8,70,1094,4.273438,1273,0,0,4089,,0
8,71,1095,4.277344,1273,0,0,4089,,0
8,72,1096,4.281250,1273,0,1792,4088,,0
8,73,1097,4.285156,1273,0,0,4088,,0
8,74,1098,4.289062,1273,0,0,4088,,0
8,75,1099,4.292969,1273,0,55,3495,,0
8,76,1100,4.296875,1273,0,55,871,,0
8,77,1101,4.300781,1273,0,55,1063,,0
8,78,1102,4.304688,1273,0,55,2439,,0
8,79,1103,4.308594,1273,0,55,3879,,0
8,80,1104,4.312500,1273,0,72,1127,,0
8,81,1105,4.316406,1273,0,72,679,,0
8,82,1106,4.320312,1273,0,72,1511,,0
8,83,1107,4.324219,1273,0,89,423,,0
8,84,1108,4.328125,1273,0,89,1832,,0
8,85,1109,4.332031,1273,0,89,519,,0
8,86,1110,4.335938,1273,0,88,1255,,0
8,87,1111,4.339844,1273,0,87,1319,,0
8,88,1112,4.343750,1273,0,87,2407,,0
8,89,1113,4.347656,1273,0,87,3335,,0
8,90,1114,4.351562,1273,0,103,935,,0
8,91,1115,4.355469,1273,0,103,679,,0
8,92,1116,4.359375,1273,0,103,1319,,0
8,93,1117,4.363281,1273,0,103,1863,,0
8,94,1118,4.367188,1273,0,119,3719,,0
8,95,1119,4.371094,1273,0,136,999,,0
8,96,1120,4.375000,1273,0,135,3943,,0
8,97,1121,4.378906,1273,0,136,1959,,0
8,98,1122,4.382812,1273,0,136,3495,,0
8,99,1123,4.386719,1273,0,137,199,,0
8,100,1124,4.390625,1273,0,136,935,,0
8,101,1125,4.394531,1273,0,136,1735,,0
8,102,1126,4.398438,1273,0,152,2695,,0
8,103,1127,4.402344,1273,0,135,4039,,0
8,104,1128,4.406250,1273,0,151,3559,,0
8,105,1129,4.410156,1273,0,151,3815,,0
8,106,1130,4.414062,1273,0,150,3943,,0
8,107,1131,4.417969,1273,0,151,519,,0
8,108,1132,4.421875,1273,0,150,2631,,0
8,109,1133,4.425781,1273,0,167,295,,0
8,110,1134,4.429688,1273,0,167,2791,,0
8,111,1135,4.433594,1273,0,168,199,,0
8,112,1136,4.437500,1273,0,167,711,,0
8,113,1137,4.441406,1273,0,167,935,,0
8,114,1138,4.445312,1273,0,167,711,,0
8,115,1139,4.449219,1273,0,167,1095,,0
8,116,1140,4.453125,1273,0,183,1415,,0
8,117,1141,4.457031,1273,0,183,4007,,0
8,118,1142,4.460938,1273,0,200,2279,,0
8,119,1143,4.464844,1273,0,200,3751,,0
8,120,1144,4.468750,1273,0,200,3463,,0
8,121,1145,4.472656,1273,0,200,679,,0
8,122,1146,4.476562,1273,0,199,3815,,0
8,123,1147,4.480469,1273,0,199,2471,,0
8,124,1148,4.484375,1273,0,199,1127,,0
8,125,1149,4.488281,1273,0,215,903,,0
8,126,1150,4.492188,1273,0,215,3175,,0
8,127,1151,4.496094,1273,0,216,519,,0
9,0,1152,4.500000,1273,0,7,3623,,0
9,1,1153,4.503906,1273,0,0,4083,,0
9,2,1154,4.507812,1273,0,0,4083,,0
9,3,1155,4.511719,1273,0,0,4083,,0
9,4,1156,4.515625,1273,0,0,4083,,0
9,5,1157,4.519531,1273,0,0,4083,,0
9,6,1158,4.523438,1273,0,0,4083,,0
9,7,1159,4.527344,1273,0,0,4083,,0
9,8,1160,4.531250,1273,0,0,4083,,0
9,9,1161,4.535156,1273,0,0,4083,,0
9,10,1162,4.539062,1273,0,512,4085,,0
9,11,1163,4.542969,1273,0,0,4085,,0
9,12,1164,4.546875,1273,0,0,4085,,0
9,13,1165,4.550781,1273,0,0,4085,,0
9,14,1166,4.554688,1273,0,0,4085,,0
9,15,1167,4.558594,1273,0,0,4085,,0
9,16,1168,4.562500,1273,0,0,4085,,0
9,17,1169,4.566406,1273,0,0,4085,,0
9,18,1170,4.570312,1273,0,0,4085,,0
9,19,1171,4.574219,1273,0,0,4085,,0
9,20,1172,4.578125,1273,0,0,4085,,0
9,21,1173,4.582031,1273,0,0,4085,,0
9,22,1174,4.585938,1273,0,0,4084,,0
9,23,1175,4.589844,1273,0,0,4083,,0
9,24,1176,4.593750,1273,0,0,4083,,0
9,25,1177,4.597656,1273,0,0,4084,,0
9,26,1178,4.601562,1273,0,0,4084,,0
9,27,1179,4.605469,1273,0,0,4083,,0
9,28,1180,4.609375,1273,0,0,4083,,0
9,29,1181,4.613281,1273,0,0,4083,,0
9,30,1182,4.617188,1273,0,0,4083,,0
9,31,1183,4.621094,1273,0,0,4083,,0
9,32,1184,4.625000,1273,0,1792,4082,,0
9,33,1185,4.628906,1273,0,0,4082,,0
9,34,1186,4.632812,1273,0,0,4082,,0
9,35,1187,4.636719,1273,0,0,4082,,0
9,36,1188,4.640625,1273,0,1792,4081,,0
9,37,1189,4.644531,1273,0,0,4081,,0
9,38,1190,4.648438,1273,0,0,4081,,0
9,39,1191,4.652344,1273,0,0,4082,,0
9,40,1192,4.656250,1273,0,0,4082,,0
9,41,1193,4.660156,1273,0,0,4082,,0
9,42,1194,4.664062,1273,0,0,4083,,0
9,43,1195,4.667969,1273,0,0,4083,,0
9,44,1196,4.671875,1273,0,0,4083,,0
9,45,1197,4.675781,1273,0,0,4083,,0
9,46,1198,4.679688,1273,0,0,4083,,0
9,47,1199,4.683594,1273,0,0,4083,,0
9,48,1200,4.687500,1273,0,0,4083,,0
9,49,1201,4.691406,1273,0,0,4083,,0
9,50,1202,4.695312,1273,0,0,4083,,0
9,51,1203,4.699219,1273,0,0,4083,,0
9,52,1204,4.703125,1273,0,0,4083,,0
9,53,1205,4.707031,1273,0,0,4083,,0
9,54,1206,4.710938,1273,0,0,4083,,0
9,55,1207,4.714844,1273,0,1536,4081,,0
9,56,1208,4.718750,1273,0,0,4081,,0
9,57,1209,4.722656,1273,0,0,4081,,0
9,58,1210,4.726562,1273,0,0,4082,,0
9,59,1211,4.730469,1273,0,0,4082,,0
9,60,1212,4.734375,1273,0,0,4082,,0
9,61,1213,4.738281,1273,0,0,4082,,0
9,62,1214,4.742188,1273,0,0,4082,,0
9,63,1215,4.746094,1273,0,0,4083,,0
9,64,1216,4.750000,1273,0,0,4083,,0
9,65,1217,4.753906,1273,0,0,4083,,0
9,66,1218,4.757812,1273,0,0,4083,,0
9,67,1219,4.761719,1273,0,0,4083,,0
9,68,1220,4.765625,1273,0,0,4083,,0
9,69,1221,4.769531,1273,0,0,4083,,0
9,70,1222,4.773438,1273,0,0,4083,,0
9,71,1223,4.777344,1273,0,0,4083,,0
9,72,1224,4.781250,1273,0,0,4083,,0
9,73,1225,4.785156,1273,0,256,4084,,0
9,74,1226,4.789062,1273,0,0,4084,,0
9,75,1227,4.792969,1273,0,408,1383,,0
9,76,1228,4.796875,1273,0,409,135,,0
9,77,1229,4.800781,1273,0,408,2439,,0
9,78,1230,4.804688,1273,0,408,327,,0
9,79,1231,4.808594,1273,0,407,3239,,0
9,80,1232,4.812500,1273,0,407,3303,,0
9,81,1233,4.816406,1273,0,407,3335,,0
9,82,1234,4.820312,1273,0,407,2535,,0
9,83,1235,4.824219,1273,0,408,1447,,0
9,84,1236,4.828125,1273,0,408,3751,,0
9,85,1237,4.832031,1273,0,408,935,,0
9,86,1238,4.835938,1273,0,408,1159,,0
9,87,1239,4.839844,1273,0,409,455,,0
9,88,1240,4.843750,1273,0,394,840,,0
9,89,1241,4.847656,1273,0,394,328,,0
9,90,1242,4.851562,1273,0,377,200,,0
9,91,1243,4.855469,1273,0,376,3336,,0
9,92,1244,4.859375,1273,0,377,1416,,0
9,93,1245,4.863281,1273,0,377,1672,,0
9,94,1246,4.867188,1273,0,377,936,,0
9,95,1247,4.871094,1273,0,377,296,,0
9,96,1248,4.875000,1273,0,376,1703,,0
9,97,1249,4.878906,1273,0,392,2631,,0
9,98,1250,4.882812,1273,0,408,2536,,0
9,99,1251,4.886719,1273,0,408,3848,,0
9,100,1252,4.890625,1273,0,408,487,,0
9,101,1253,4.894531,1273,0,407,1255,,0
9,102,1254,4.898438,1273,0,407,2855,,0
9,103,1255,4.902344,1273,0,407,3879,,0
9,104,1256,4.906250,1273,0,407,3079,,0
9,105,1257,4.910156,1273,0,407,1895,,0
9,106,1258,4.914062,1273,0,408,103,,0
9,107,1259,4.917969,1273,0,408,1159,,0
9,108,1260,4.921875,1273,0,408,39,,0
9,109,1261,4.925781,1273,0,391,1831,,0
9,110,1262,4.929688,1273,0,390,3591,,0
9,111,1263,4.933594,1273,0,391,135,,0
9,112,1264,4.937500,1273,0,406,2727,,0
9,113,1265,4.941406,1273,0,422,3047,,0
9,114,1266,4.945312,1273,0,422,999,,0
9,115,1267,4.949219,1273,0,404,3847,,0
9,116,1268,4.953125,1273,0,389,455,,0
9,117,1269,4.957031,1273,0,405,615,,0
9,118,1270,4.960938,1273,0,405,2759,,0
9,119,1271,4.964844,1273,0,405,3527,,0
9,120,1272,4.968750,1273,0,406,1607,,0
9,121,1273,4.972656,1273,0,406,2663,,0
9,122,1274,4.976562,1273,0,406,2087,,0
9,123,1275,4.980469,1273,0,406,2279,,0
9,124,1276,4.984375,1273,0,406,1223,,0
9,125,1277,4.988281,1273,0,406,1767,,0
9,126,1278,4.992188,1273,0,407,7,,0
9,127,1279,4.996094,1273,0,406,3623,,0
10,0,1280,5.000000,1273,0,7,2407,,0
10,1,1281,5.003906,1273,0,0,4095,,0
10,2,1282,5.007812,1273,0,0,4095,,0
10,3,1283,5.011719,1273,0,0,4095,,0
10,4,1284,5.015625,1273,0,0,0,,0
10,5,1285,5.019531,1273,0,0,0,,0
10,6,1286,5.023438,1273,0,0,0,,0
10,7,1287,5.027344,1273,0,256,1,,0
10,8,1288,5.031250,1273,0,0,1,,0
10,9,1289,5.035156,1273,0,0,1,,0
10,10,1290,5.039062,1273,0,1792,0,,0
10,11,1291,5.042969,1273,0,256,1,,0
10,12,1292,5.046875,1273,0,0,1,,0
10,13,1293,5.050781,1273,0,0,1,,0
10,14,1294,5.054688,1273,0,0,1,,0
10,15,1295,5.058594,1273,0,0,1,,0
10,16,1296,5.062500,1273,0,0,1,,0
10,17,1297,5.066406,1273,0,256,2,,0
10,18,1298,5.070312,1273,0,0,2,,0
10,19,1299,5.074219,1273,0,0,2,,0
10,20,1300,5.078125,1273,0,0,2,,0
10,21,1301,5.082031,1273,0,0,3,,0
10,22,1302,5.085938,1273,0,0,3,,0
10,23,1303,5.089844,1273,0,0,3,,0
10,24,1304,5.093750,1273,0,0,3,,0
10,25,1305,5.097656,1273,0,0,3,,0
10,26,1306,5.101562,1273,0,0,3,,0
10,27,1307,5.105469,1273,0,0,3,,0
10,28,1308,5.109375,1273,0,0,3,,0
10,29,1309,5.113281,1273,0,0,4,,0
10,30,1310,5.117188,1273,0,256,5,,0
10,31,1311,5.121094,1273,0,0,5,,0
10,32,1312,5.125000,1273,0,0,5,,0
10,33,1313,5.128906,1273,0,0,5,,0
10,34,1314,5.132812,1273,0,0,5,,0
10,35,1315,5.136719,1273,0,0,5,,0
10,36,1316,5.140625,1273,0,0,5,,0
10,37,1317,5.144531,1273,0,0,5,,0
10,38,1318,5.148438,1273,0,0,5,,0
10,39,1319,5.152344,1273,0,0,5,,0
10,40,1320,5.156250,1273,0,256,6,,0
10,41,1321,5.160156,1273,0,0,6,,0
10,42,1322,5.164062,1273,0,0,6,,0
10,43,1323,5.167969,1273,0,0,6,,0
10,44,1324,5.171875,1273,0,0,7,,0
10,45,1325,5.175781,1273,0,0,7,,0
10,46,1326,5.179688,1273,0,0,7,,0
10,47,1327,5.183594,1273,0,0,7,,0
10,48,1328,5.187500,1273,0,256,8,,0
10,49,1329,5.191406,1273,0,1792,7,,0
10,50,1330,5.195312,1273,0,256,8,,0
10,51,1331,5.199219,1273,0,0,8,,0
10,52,1332,5.203125,1273,0,0,8,,0
10,53,1333,5.207031,1273,0,0,8,,0
10,54,1334,5.210938,1273,0,0,8,,0
10,55,1335,5.214844,1273,0,0,8,,0
10,56,1336,5.218750,1273,0,0,9,,0
10,57,1337,5.222656,1273,0,0,9,,0
10,58,1338,5.226562,1273,0,0,9,,0
10,59,1339,5.230469,1273,0,0,9,,0
10,60,1340,5.234375,1273,0,0,9,,0
10,61,1341,5.238281,1273,0,0,9,,0
10,62,1342,5.242188,1273,0,0,9,,0
10,63,1343,5.246094,1273,0,0,9,,0
10,64,1344,5.250000,1273,0,256,10,,0
10,65,1345,5.253906,1273,0,0,11,,0
10,66,1346,5.257812,1273,0,0,11,,0
10,67,1347,5.261719,1273,0,0,11,,0
10,68,1348,5.265625,1273,0,0,12,,0
10,69,1349,5.269531,1273,0,0,12,,0
10,70,1350,5.273438,1273,0,0,12,,0
10,71,1351,5.277344,1273,0,0,12,,0
10,72,1352,5.281250,1273,0,0,12,,0
10,73,1353,5.285156,1273,0,256,13,,0
10,74,1354,5.289062,1273,0,0,13,,0
10,75,1355,5.292969,1273,0,150,1927,,0
10,76,1356,5.296875,1273,0,134,3719,,0
10,77,1357,5.300781,1273,0,135,1351,,0
10,78,1358,5.304688,1273,0,136,1319,,0
10,79,1359,5.308594,1273,0,121,3176,,0
10,80,1360,5.312500,1273,0,120,1703,,0
10,81,1361,5.316406,1273,0,120,1095,,0
10,82,1362,5.320312,1273,0,121,1095,,0
10,83,1363,5.324219,1273,0,121,2887,,0
10,84,1364,5.328125,1273,0,121,135,,0
10,85,1365,5.332031,1273,0,119,2887,,0
10,86,1366,5.335938,1273,0,119,3815,,0
10,87,1367,5.339844,1273,0,120,3559,,0
10,88,1368,5.343750,1273,0,104,2119,,0
10,89,1369,5.347656,1273,0,104,3015,,0
10,90,1370,5.351562,1273,0,89,2120,,0
10,91,1371,5.355469,1273,0,89,1000,,0
10,92,1372,5.359375,1273,0,89,423,,0
10,93,1373,5.363281,1273,0,90,2376,,0
10,94,1374,5.367188,1273,0,75,904,,0
10,95,1375,5.371094,1273,0,59,520,,0
10,96,1376,5.375000,1273,0,75,936,,0
10,97,1377,5.378906,1273,0,58,296,,0
10,98,1378,5.382812,1273,0,57,3560,,0
10,99,1379,5.386719,1273,0,58,40,,0
10,100,1380,5.390625,1273,0,57,2056,,0
10,101,1381,5.394531,1273,0,56,3783,,0
10,102,1382,5.398438,1273,0,56,3367,,0
10,103,1383,5.402344,1273,0,56,2663,,0
10,104,1384,5.406250,1273,0,57,1000,,0
10,105,1385,5.410156,1273,0,56,2375,,0
10,106,1386,5.414062,1273,0,56,3559,,0
10,107,1387,5.417969,1273,0,56,3239,,0
10,108,1388,5.421875,1273,0,56,2695,,0
10,109,1389,5.425781,1273,0,40,3431,,0
10,110,1390,5.429688,1273,0,40,3847,,0
10,111,1391,5.433594,1273,0,24,3208,,0
10,112,1392,5.437500,1273,0,24,423,,0
10,113,1393,5.441406,1273,0,23,935,,0
10,114,1394,5.445312,1273,0,23,839,,0
10,115,1395,5.449219,1273,0,24,2055,,0
10,116,1396,5.453125,1273,0,25,2024,,0
10,117,1397,5.457031,1273,0,24,3591,,0
10,118,1398,5.460938,1273,0,8,1607,,0
10,119,1399,5.464844,1273,0,4088,2695,,0
10,120,1400,5.468750,1273,0,4089,456,,0
10,121,1401,5.472656,1273,0,4088,2535,,0
10,122,1402,5.476562,1273,0,4088,3944,,0
10,123,1403,5.480469,1273,0,4088,2024,,0
10,124,1404,5.484375,1273,0,4088,2087,,0
10,125,1405,5.488281,1273,0,4088,999,,0
10,126,1406,5.492188,1273,0,4087,391,,0
10,127,1407,5.496094,1273,0,4087,935,,0
11,0,1408,5.500000,1273,0,8,647,,0
11,1,1409,5.503906,1273,0,0,19,,0
11,2,1410,5.507812,1273,0,0,19,,0
11,3,1411,5.511719,1273,0,0,17,,0
11,4,1412,5.515625,1273,0,0,17,,0
11,5,1413,5.519531,1273,0,256,18,,0
11,6,1414,5.523438,1273,0,0,18,,0
11,7,1415,5.527344,1273,0,0,18,,0
11,8,1416,5.531250,1273,0,0,18,,0
11,9,1417,5.535156,1273,0,0,18,,0
11,10,1418,5.539062,1273,0,0,18,,0
11,11,1419,5.542969,1273,0,0,18,,0
11,12,1420,5.546875,1273,0,0,18,,0
11,13,1421,5.550781,1273,0,256,19,,0
11,14,1422,5.554688,1273,0,0,19,,0
11,15,1423,5.558594,1273,0,0,19,,0
11,16,1424,5.562500,1273,0,0,19,,0
11,17,1425,5.566406,1273,0,0,19,,0
11,18,1426,5.570312,1273,0,0,19,,0
11,19,1427,5.574219,1273,0,0,19,,0
11,20,1428,5.578125,1273,0,0,19,,0
11,21,1429,5.582031,1273,0,0,19,,0
11,22,1430,5.585938,1273,0,0,19,,0
11,23,1431,5.589844,1273,0,0,19,,0
11,24,1432,5.593750,1273,0,0,19,,0
11,25,1433,5.597656,1273,0,0,20,,0
11,26,1434,5.601562,1273,0,0,20,,0
11,27,1435,5.605469,1273,0,0,20,,0
11,28,1436,5.609375,1273,0,0,20,,0
11,29,1437,5.613281,1273,0,257,22,,0
11,30,1438,5.617188,1273,0,2,22,,0
11,31,1439,5.621094,1273,0,3,22,,0
11,32,1440,5.625000,1273,0,4,22,,0
11,33,1441,5.628906,1273,0,261,23,,0
11,34,1442,5.632812,1273,0,6,23,,0
11,35,1443,5.636719,1273,0,7,23,,0
11,36,1444,5.640625,1273,0,8,23,,0
11,37,1445,5.644531,1273,0,9,23,,0
11,38,1446,5.648438,1273,0,10,23,,0
11,39,1447,5.652344,1273,0,11,23,,0
11,40,1448,5.656250,1273,0,12,23,,0
11,41,1449,5.660156,1273,0,13,23,,0
11,42,1450,5.664062,1273,0,14,23,,0
11,43,1451,5.667969,1273,0,15,23,,0
11,44,1452,5.671875,1273,0,16,23,,0
11,45,1453,5.675781,1273,0,17,23,,0
11,46,1454,5.679688,1273,0,18,23,,0
11,47,1455,5.683594,1273,0,19,23,,0
11,48,1456,5.687500,1273,0,20,25,,0
11,49,1457,5.691406,1273,0,21,25,,0
11,50,1458,5.695312,1273,0,22,25,,0
11,51,1459,5.699219,1273,0,23,25,,0
11,52,1460,5.703125,1273,0,24,25,,0
11,53,1461,5.707031,1273,0,1561,23,,0
11,54,1462,5.710938,1273,0,26,23,,0
11,55,1463,5.714844,1273,0,27,23,,0
11,56,1464,5.718750,1273,0,28,23,,0
11,57,1465,5.722656,1273,0,29,23,,0
11,58,1466,5.726562,1273,0,2078,23,,0
11,59,1467,5.730469,1273,0,2079,23,,0
11,60,1468,5.734375,1273,0,2080,23,,0
11,61,1469,5.738281,1273,0,2081,23,,0
11,62,1470,5.742188,1273,0,2082,23,,0
11,63,1471,5.746094,1273,0,2083,23,,0
11,64,1472,5.750000,1273,0,2084,23,,0
11,65,1473,5.753906,1273,0,2085,23,,0
11,66,1474,5.757812,1273,0,2086,22,,0
11,67,1475,5.761719,1273,0,2087,22,,0
11,68,1476,5.765625,1273,0,2088,22,,0
11,69,1477,5.769531,1273,0,2088,21,,0
11,70,1478,5.773438,1273,0,2088,21,,0
11,71,1479,5.777344,1273,0,2088,21,,0
11,72,1480,5.781250,1273,0,2088,21,,0
11,73,1481,5.785156,1273,0,2088,21,,0
11,74,1482,5.789062,1273,0,2088,21,,0
11,75,1483,5.792969,1273,0,3863,3431,,0
11,76,1484,5.796875,1273,0,3864,199,,0
11,77,1485,5.800781,1273,0,3864,135,,0
11,78,1486,5.804688,1273,0,3863,3143,,0
11,79,1487,5.808594,1273,0,3863,1287,,0
11,80,1488,5.812500,1273,0,3862,679,,0
11,81,1489,5.816406,1273,0,3878,2503,,0
11,82,1490,5.820312,1273,0,3879,1831,,0
11,83,1491,5.824219,1273,0,3896,391,,0
11,84,1492,5.828125,1273,0,3896,1575,,0
11,85,1493,5.832031,1273,0,3896,871,,0
11,86,1494,5.835938,1273,0,3896,519,,0
11,87,1495,5.839844,1273,0,3896,807,,0
11,88,1496,5.843750,1273,0,3895,2311,,0
11,89,1497,5.847656,1273,0,3895,1831,,0
11,90,1498,5.851562,1273,0,3895,2887,,0
11,91,1499,5.855469,1273,0,3895,3207,,0
11,92,1500,5.859375,1273,0,3895,2311,,0
11,93,1501,5.863281,1273,0,3928,2119,,0
11,94,1502,5.867188,1273,0,3928,3207,,0
11,95,1503,5.871094,1273,0,3928,3111,,0
11,96,1504,5.875000,1273,0,3928,3399,,0
11,97,1505,5.878906,1273,0,3929,1127,,0
11,98,1506,5.882812,1273,0,3929,263,,0
11,99,1507,5.886719,1273,0,3929,1031,,0
11,100,1508,5.890625,1273,0,3928,4071,,0
11,101,1509,5.894531,1273,0,3928,2919,,0
11,102,1510,5.898438,1273,0,3928,743,,0
11,103,1511,5.902344,1273,0,3927,1959,,0
11,104,1512,5.906250,1273,0,3927,2631,,0
11,105,1513,5.910156,1273,0,3911,2055,,0
11,106,1514,5.914062,1273,0,3895,199,,0
11,107,1515,5.917969,1273,0,3895,807,,0
11,108,1516,5.921875,1273,0,3911,1671,,0
11,109,1517,5.925781,1273,0,3911,2599,,0
11,110,1518,5.929688,1273,0,3896,71,,0
11,111,1519,5.933594,1273,0,3895,3783,,0
11,112,1520,5.937500,1273,0,3895,711,,0
11,113,1521,5.941406,1273,0,3895,3239,,0
11,114,1522,5.945312,1273,0,3895,1543,,0
11,115,1523,5.949219,1273,0,3878,2791,,0
11,116,1524,5.953125,1273,0,3878,2151,,0
11,117,1525,5.957031,1273,0,3877,3975,,0
11,118,1526,5.960938,1273,0,3878,1127,,0
11,119,1527,5.964844,1273,0,3863,359,,0
11,120,1528,5.968750,1273,0,3863,3143,,0
11,121,1529,5.972656,1273,0,3863,3175,,0
11,122,1530,5.976562,1273,0,3880,327,,0
11,123,1531,5.980469,1273,0,3880,2792,,0
11,124,1532,5.984375,1273,0,3881,3784,,0
11,125,1533,5.988281,1273,0,3898,3112,,0
11,126,1534,5.992188,1273,0,3899,1384,,0
11,127,1535,5.996094,1273,0,3898,584,,0
12,0,1536,6.000000,1273,0,2104,2151,,0
12,1,1537,6.003906,1273,0,2105,14,,0
12,2,1538,6.007812,1273,0,2105,14,,0
12,3,1539,6.011719,1273,0,2105,15,,0
12,4,1540,6.015625,1273,0,2105,14,,0
12,5,1541,6.019531,1273,0,2105,14,,0
12,6,1542,6.023438,1273,0,2105,14,,0
12,7,1543,6.027344,1273,0,2105,14,,0
12,8,1544,6.031250,1273,0,2105,14,,0
12,9,1545,6.035156,1273,0,2105,14,,0
12,10,1546,6.039062,1273,0,2105,13,,0
12,11,1547,6.042969,1273,0,2105,13,,0
12,12,1548,6.046875,1273,0,2105,13,,0
12,13,1549,6.050781,1273,0,2105,13,,0
12,14,1550,6.054688,1273,0,2105,13,,0
12,15,1551,6.058594,1273,0,2105,13,,0
12,16,1552,6.062500,1273,0,3897,12,,0
12,17,1553,6.066406,1273,0,2105,12,,0
12,18,1554,6.070312,1273,0,2105,12,,0
12,19,1555,6.074219,1273,0,2105,12,,0
12,20,1556,6.078125,1273,0,2105,12,,0
12,21,1557,6.082031,1273,0,2105,12,,0
12,22,1558,6.085938,1273,0,3897,11,,0
12,23,1559,6.089844,1273,0,2105,10,,0
12,24,1560,6.093750,1273,0,2105,10,,0
12,25,1561,6.097656,1273,0,2105,10,,0
12,26,1562,6.101562,1273,0,2104,10,,0
12,27,1563,6.105469,1273,0,2103,10,,0
12,28,1564,6.109375,1273,0,2102,10,,0
12,29,1565,6.113281,1273,0,2101,10,,0
12,30,1566,6.117188,1273,0,2100,10,,0
12,31,1567,6.121094,1273,0,2099,10,,0
12,32,1568,6.125000,1273,0,2098,10,,0
12,33,1569,6.128906,1273,0,2097,9,,0
12,34,1570,6.132812,1273,0,2096,9,,0
12,35,1571,6.136719,1273,0,3887,8,,0
12,36,1572,6.140625,1273,0,2350,9,,0
12,37,1573,6.144531,1273,0,2093,9,,0
12,38,1574,6.148438,1273,0,2092,9,,0
12,39,1575,6.152344,1273,0,2091,9,,0
12,40,1576,6.156250,1273,0,2090,9,,0
12,41,1577,6.160156,1273,0,3881,7,,0
12,42,1578,6.164062,1273,0,2088,8,,0
12,43,1579,6.167969,1273,0,2087,7,,0
12,44,1580,6.171875,1273,0,2086,7,,0
12,45,1581,6.175781,1273,0,3877,6,,0
12,46,1582,6.179688,1273,0,2084,6,,0
12,47,1583,6.183594,1273,0,2083,6,,0
12,48,1584,6.187500,1273,0,2082,6,,0
12,49,1585,6.191406,1273,0,2081,6,,0
12,50,1586,6.195312,1273,0,2080,6,,0
12,51,1587,6.199219,1273,0,2079,6,,0
12,52,1588,6.203125,1273,0,2078,6,,0
12,53,1589,6.207031,1273,0,29,6,,0
12,54,1590,6.210938,1273,0,28,6,,0
12,55,1591,6.214844,1273,0,27,6,,0
12,56,1592,6.218750,1273,0,26,6,,0
12,57,1593,6.222656,1273,0,25,5,,0
12,58,1594,6.226562,1273,0,24,5,,0
12,59,1595,6.230469,1273,0,23,5,,0
12,60,1596,6.234375,1273,0,22,5,,0
12,61,1597,6.238281,1273,0,1813,4,,0
12,62,1598,6.242188,1273,0,20,4,,0
12,63,1599,6.246094,1273,0,19,4,,0
12,64,1600,6.250000,1273,0,18,4,,0
12,65,1601,6.253906,1273,0,17,4,,0
12,66,1602,6.257812,1273,0,17,3,,0
12,67,1603,6.261719,1273,0,17,3,,0
12,68,1604,6.265625,1273,0,17,3,,0
12,69,1605,6.269531,1273,0,17,3,,0
12,70,1606,6.273438,1273,0,17,3,,0
12,71,1607,6.277344,1273,0,1809,2,,0
12,72,1608,6.281250,1273,0,17,2,,0
12,73,1609,6.285156,1273,0,17,2,,0
12,74,1610,6.289062,1273,0,16,2,,0
12,75,1611,6.292969,1273,0,4055,1767,,0
12,76,1612,6.296875,1273,0,4055,903,,0
12,77,1613,6.300781,1273,0,4069,3655,,0
12,78,1614,6.304688,1273,0,4068,3879,,0
12,79,1615,6.308594,1273,0,4069,615,,0
12,80,1616,6.312500,1273,0,4070,295,,0
12,81,1617,6.316406,1273,0,4070,3271,,0
12,82,1618,6.320312,1273,0,4071,3239,,0
12,83,1619,6.324219,1273,0,4087,3847,,0
12,84,1620,6.328125,1273,0,4088,4072,,0
12,85,1621,6.332031,1273,0,4087,2855,,0
12,86,1622,6.335938,1273,0,4087,391,,0
12,87,1623,6.339844,1273,0,7,3655,,0
12,88,1624,6.343750,1273,0,7,3079,,0
12,89,1625,6.347656,1273,0,8,551,,0
12,90,1626,6.351562,1273,0,24,2248,,0
12,91,1627,6.355469,1273,0,25,2824,,0
12,92,1628,6.359375,1273,0,24,1383,,0
12,93,1629,6.363281,1273,0,7,1063,,0
12,94,1630,6.367188,1273,0,23,615,,0
12,95,1631,6.371094,1273,0,22,3815,,0
12,96,1632,6.375000,1273,0,23,263,,0
12,97,1633,6.378906,1273,0,23,3815,,0
12,98,1634,6.382812,1273,0,24,1927,,0
12,99,1635,6.386719,1273,0,24,775,,0
12,100,1636,6.390625,1273,0,38,1351,,0
12,101,1637,6.394531,1273,0,38,2887,,0
12,102,1638,6.398438,1273,0,38,2183,,0
12,103,1639,6.402344,1273,0,38,4039,,0
12,104,1640,6.406250,1273,0,54,3559,,0
12,105,1641,6.410156,1273,0,55,71,,0
12,106,1642,6.414062,1273,0,54,3943,,0
12,107,1643,6.417969,1273,0,55,1127,,0
12,108,1644,6.421875,1273,0,55,2023,,0
12,109,1645,6.425781,1273,0,54,3047,,0
12,110,1646,6.429688,1273,0,54,1127,,0
12,111,1647,6.433594,1273,0,55,935,,0
12,112,1648,6.437500,1273,0,71,3143,,0
12,113,1649,6.441406,1273,0,88,615,,0
12,114,1650,6.445312,1273,0,88,1383,,0
12,115,1651,6.449219,1273,0,88,4007,,0
12,116,1652,6.453125,1273,0,87,2695,,0
12,117,1653,6.457031,1273,0,87,2471,,0
12,118,1654,6.460938,1273,0,88,3719,,0
12,119,1655,6.464844,1273,0,88,3783,,0
12,120,1656,6.468750,1273,0,89,1063,,0
12,121,1657,6.472656,1273,0,88,3911,,0
12,122,1658,6.476562,1273,0,88,3815,,0
12,123,1659,6.480469,1273,0,106,168,,0
12,124,1660,6.484375,1273,0,105,2664,,0
12,125,1661,6.488281,1273,0,104,2439,,0
12,126,1662,6.492188,1273,0,104,967,,0
12,127,1663,6.496094,1273,0,120,1127,,0
13,0,1664,6.500000,1273,0,8,647,,0
13,1,1665,6.503906,1273,0,0,4089,,0
13,2,1666,6.507812,1273,0,0,4089,,0
13,3,1667,6.511719,1273,0,0,4089,,0
13,4,1668,6.515625,1273,0,0,4089,,0
13,5,1669,6.519531,1273,0,0,4089,,0
13,6,1670,6.523438,1273,0,1792,4087,,0
13,7,1671,6.527344,1273,0,0,4087,,0
13,8,1672,6.531250,1273,0,0,4087,,0
13,9,1673,6.535156,1273,0,0,4087,,0
13,10,1674,6.539062,1273,0,0,4087,,0
13,11,1675,6.542969,1273,0,0,4087,,0
13,12,1676,6.546875,1273,0,0,4087,,0
13,13,1677,6.550781,1273,0,0,4087,,0
13,14,1678,6.554688,1273,0,0,4087,,0
13,15,1679,6.558594,1273,0,0,4087,,0
13,16,1680,6.562500,1273,0,0,4087,,0
13,17,1681,6.566406,1273,0,0,4087,,0
13,18,1682,6.570312,1273,0,1792,4086,,0
13,19,1683,6.574219,1273,0,0,4086,,0
13,20,1684,6.578125,1273,0,0,4086,,0
13,21,1685,6.582031,1273,0,0,4086,,0
13,22,1686,6.585938,1273,0,0,4085,,0
13,23,1687,6.589844,1273,0,0,4085,,0
13,24,1688,6.593750,1273,0,0,4085,,0
13,25,1689,6.597656,1273,0,0,4085,,0
13,26,1690,6.601562,1273,0,0,4084,,0
13,27,1691,6.605469,1273,0,0,4084,,0
13,28,1692,6.609375,1273,0,1792,4083,,0
13,29,1693,6.613281,1273,0,0,4083,,0
13,30,1694,6.617188,1273,0,0,4083,,0
13,31,1695,6.621094,1273,0,0,4083,,0
13,32,1696,6.625000,1273,0,0,4083,,0
13,33,1697,6.628906,1273,0,0,4083,,0
13,34,1698,6.632812,1273,0,0,4083,,0
13,35,1699,6.636719,1273,0,0,4083,,0
13,36,1700,6.640625,1273,0,0,4083,,0
13,37,1701,6.644531,1273,0,0,4083,,0
13,38,1702,6.648438,1273,0,0,4083,,0
13,39,1703,6.652344,1273,0,0,4083,,0
13,40,1704,6.656250,1273,0,0,4083,,0
13,41,1705,6.660156,1273,0,0,4083,,0
13,42,1706,6.664062,1273,0,0,4083,,0
13,43,1707,6.667969,1273,0,1792,4082,,0
13,44,1708,6.671875,1273,0,0,4082,,0
13,45,1709,6.675781,1273,0,0,4082,,0
13,46,1710,6.679688,1273,0,0,4084,,0
13,47,1711,6.683594,1273,0,0,4084,,0
13,48,1712,6.687500,1273,0,1792,4083,,0
13,49,1713,6.691406,1273,0,0,4083,,0
13,50,1714,6.695312,1273,0,0,4083,,0
13,51,1715,6.699219,1273,0,0,4083,,0
13,52,1716,6.703125,1273,0,0,4083,,0
13,53,1717,6.707031,1273,0,0,4083,,0
13,54,1718,6.710938,1273,0,0,4083,,0
13,55,1719,6.714844,1273,0,0,4083,,0
13,56,1720,6.718750,1273,0,0,4083,,0
13,57,1721,6.722656,1273,0,0,4083,,0
13,58,1722,6.726562,1273,0,0,4083,,0
13,59,1723,6.730469,1273,0,0,4083,,0
13,60,1724,6.734375,1273,0,0,4083,,0
13,61,1725,6.738281,1273,0,0,4083,,0
13,62,1726,6.742188,1273,0,0,4083,,0
13,63,1727,6.746094,1273,0,0,4083,,0
13,64,1728,6.750000,1273,0,0,4083,,0
13,65,1729,6.753906,1273,0,0,4083,,0
13,66,1730,6.757812,1273,0,0,4083,,0
13,67,1731,6.761719,1273,0,0,4083,,0
13,68,1732,6.765625,1273,0,0,4083,,0
13,69,1733,6.769531,1273,0,0,4083,,0
13,70,1734,6.773438,1273,0,1792,4081,,0
13,71,1735,6.777344,1273,0,0,4080,,0
13,72,1736,6.781250,1273,0,0,4080,,0
13,73,1737,6.785156,1273,0,0,4080,,0
13,74,1738,6.789062,1273,0,0,4080,,0
13,75,1739,6.792969,1273,0,312,1223,,0
13,76,1740,6.796875,1273,0,312,3303,,0
13,77,1741,6.800781,1273,0,312,775,,0
13,78,1742,6.804688,1273,0,311,1767,,0
13,79,1743,6.808594,1273,0,311,647,,0
13,80,1744,6.812500,1273,0,311,1287,,0
13,81,1745,6.816406,1273,0,311,2311,,0
13,82,1746,6.820312,1273,0,312,167,,0
13,83,1747,6.824219,1273,0,312,455,,0
13,84,1748,6.828125,1273,0,311,2055,,0
13,85,1749,6.832031,1273,0,310,3239,,0
13,86,1750,6.835938,1273,0,279,3847,,0
13,87,1751,6.839844,1273,0,280,3400,,0
13,88,1752,6.843750,1273,0,296,551,,0
13,89,1753,6.847656,1273,0,295,487,,0
13,90,1754,6.851562,1273,0,294,4039,,0
13,91,1755,6.855469,1273,0,295,167,,0
13,92,1756,6.859375,1273,0,295,7,,0
13,93,1757,6.863281,1273,0,295,167,,0
13,94,1758,6.867188,1273,0,295,903,,0
13,95,1759,6.871094,1273,0,295,135,,0
13,96,1760,6.875000,1273,0,311,1703,,0
13,97,1761,6.878906,1273,0,311,1543,,0
13,98,1762,6.882812,1273,0,311,2663,,0
13,99,1763,6.886719,1273,0,312,1351,,0
13,100,1764,6.890625,1273,0,311,1895,,0
13,101,1765,6.894531,1273,0,310,3143,,0
13,102,1766,6.898438,1273,0,310,3751,,0
13,103,1767,6.902344,1273,0,312,1031,,0
13,104,1768,6.906250,1273,0,312,1383,,0
13,105,1769,6.910156,1273,0,312,1287,,0
13,106,1770,6.914062,1273,0,312,2823,,0
13,107,1771,6.917969,1273,0,312,3367,,0
13,108,1772,6.921875,1273,0,328,2887,,0
13,109,1773,6.925781,1273,0,328,1863,,0
13,110,1774,6.929688,1273,0,327,3079,,0
13,111,1775,6.933594,1273,0,328,967,,0
13,112,1776,6.937500,1273,0,360,3047,,0
13,113,1777,6.941406,1273,0,359,3559,,0
13,114,1778,6.945312,1273,0,359,3815,,0
13,115,1779,6.949219,1273,0,359,3975,,0
13,116,1780,6.953125,1273,0,376,39,,0
13,117,1781,6.957031,1273,0,375,2503,,0
13,118,1782,6.960938,1273,0,375,327,,0
13,119,1783,6.964844,1273,0,376,1383,,0
13,120,1784,6.968750,1273,0,377,1640,,0
13,121,1785,6.972656,1273,0,378,8,,0
13,122,1786,6.976562,1273,0,376,3015,,0
13,123,1787,6.980469,1273,0,375,1575,,0
13,124,1788,6.984375,1273,0,374,3943,,0
13,125,1789,6.988281,1273,0,375,903,,0
13,126,1790,6.992188,1273,0,375,2663,,0
13,127,1791,6.996094,1273,0,376,2503,,0
14,0,1792,7.000000,1273,0,9,999,,0
14,1,1793,7.003906,1273,0,0,4083,,0
14,2,1794,7.007812,1273,0,0,4083,,0
14,3,1795,7.011719,1273,0,0,4083,,0
14,4,1796,7.015625,1273,0,0,4083,,0
14,5,1797,7.019531,1273,0,0,4083,,0
14,6,1798,7.023438,1273,0,0,4083,,0
14,7,1799,7.027344,1273,0,0,4083,,0
14,8,1800,7.031250,1273,0,0,4083,,0
14,9,1801,7.035156,1273,0,0,4084,,0
14,10,1802,7.039062,1273,0,0,4084,,0
14,11,1803,7.042969,1273,0,0,4084,,0
14,12,1804,7.046875,1273,0,0,4084,,0
14,13,1805,7.050781,1273,0,0,4084,,0
14,14,1806,7.054688,1273,0,0,4084,,0
14,15,1807,7.058594,1273,0,0,4085,,0
14,16,1808,7.062500,1273,0,0,4085,,0
14,17,1809,7.066406,1273,0,0,4085,,0
14,18,1810,7.070312,1273,0,0,4085,,0
14,19,1811,7.074219,1273,0,0,4085,,0
14,20,1812,7.078125,1273,0,0,4085,,0
14,21,1813,7.082031,1273,0,0,4085,,0
14,22,1814,7.085938,1273,0,0,4085,,0
14,23,1815,7.089844,1273,0,0,4085,,0
14,24,1816,7.093750,1273,0,0,4085,,0
14,25,1817,7.097656,1273,0,0,4085,,0
14,26,1818,7.101562,1273,0,0,4085,,0
14,27,1819,7.105469,1273,0,0,4085,,0
14,28,1820,7.109375,1273,0,0,4086,,0
14,29,1821,7.113281,1273,0,0,4085,,0
14,30,1822,7.117188,1273,0,0,4085,,0
14,31,1823,7.121094,1273,0,0,4085,,0
14,32,1824,7.125000,1273,0,0,4085,,0
14,33,1825,7.128906,1273,0,0,4085,,0
14,34,1826,7.132812,1273,0,0,4086,,0
14,35,1827,7.136719,1273,0,0,4086,,0
14,36,1828,7.140625,1273,0,0,4086,,0
14,37,1829,7.144531,1273,0,0,4086,,0
14,38,1830,7.148438,1273,0,0,4087,,0
14,39,1831,7.152344,1273,0,0,4087,,0
14,40,1832,7.156250,1273,0,0,4087,,0
14,41,1833,7.160156,1273,0,0,4087,,0
14,42,1834,7.164062,1273,0,0,4087,,0
14,43,1835,7.167969,1273,0,0,4087,,0
14,44,1836,7.171875,1273,0,0,4087,,0
14,45,1837,7.175781,1273,0,512,4089,,0
14,46,1838,7.179688,1273,0,0,4089,,0
14,47,1839,7.183594,1273,0,256,4090,,0
14,48,1840,7.187500,1273,0,0,4090,,0
14,49,1841,7.191406,1273,0,1792,4089,,0
14,50,1842,7.195312,1273,0,0,4089,,0
14,51,1843,7.199219,1273,0,0,4089,,0
14,52,1844,7.203125,1273,0,0,4089,,0
14,53,1845,7.207031,1273,0,0,4089,,0
14,54,1846,7.210938,1273,0,0,4090,,0
14,55,1847,7.214844,1273,0,0,4090,,0
14,56,1848,7.218750,1273,0,0,4090,,0
14,57,1849,7.222656,1273,0,0,4090,,0
14,58,1850,7.226562,1273,0,0,4090,,0
14,59,1851,7.230469,1273,0,0,4090,,0
14,60,1852,7.234375,1273,0,0,4090,,0
14,61,1853,7.238281,1273,0,0,4090,,0
14,62,1854,7.242188,1273,0,0,4090,,0
14,63,1855,7.246094,1273,0,0,4090,,0
14,64,1856,7.250000,1273,0,0,4091,,0
14,65,1857,7.253906,1273,0,0,4091,,0
14,66,1858,7.257812,1273,0,0,4091,,0
14,67,1859,7.261719,1273,0,256,4092,,0
14,68,1860,7.265625,1273,0,0,4092,,0
14,69,1861,7.269531,1273,0,0,4092,,0
14,70,1862,7.273438,1273,0,0,4092,,0
14,71,1863,7.277344,1273,0,256,4093,,0
14,72,1864,7.281250,1273,0,0,4093,,0
14,73,1865,7.285156,1273,0,0,4093,,0
14,74,1866,7.289062,1273,0,0,4093,,0
14,75,1867,7.292969,1273,0,279,1479,,0
14,76,1868,7.296875,1273,0,279,3239,,0
14,77,1869,7.300781,1273,0,264,1543,,0
14,78,1870,7.304688,1273,0,264,487,,0
14,79,1871,7.308594,1273,0,278,3975,,0
14,80,1872,7.312500,1273,0,263,1479,,0
14,81,1873,7.316406,1273,0,247,1639,,0
14,82,1874,7.320312,1273,0,248,327,,0
14,83,1875,7.324219,1273,0,232,999,,0
14,84,1876,7.328125,1273,0,232,3079,,0
14,85,1877,7.332031,1273,0,232,7,,0
14,86,1878,7.335938,1273,0,246,3527,,0
14,87,1879,7.339844,1273,0,230,4007,,0
14,88,1880,7.343750,1273,0,231,3143,,0
14,89,1881,7.347656,1273,0,230,903,,0
14,90,1882,7.351562,1273,0,229,3431,,0
14,91,1883,7.355469,1273,0,230,519,,0
14,92,1884,7.359375,1273,0,230,3399,,0
14,93,1885,7.363281,1273,0,215,327,,0
14,94,1886,7.367188,1273,0,215,519,,0
14,95,1887,7.371094,1273,0,214,3495,,0
14,96,1888,7.375000,1273,0,215,1511,,0
14,97,1889,7.378906,1273,0,215,1447,,0
14,98,1890,7.382812,1273,0,214,3975,,0
14,99,1891,7.386719,1273,0,200,1511,,0
14,100,1892,7.390625,1273,0,201,584,,0
14,101,1893,7.394531,1273,0,200,3047,,0
14,102,1894,7.398438,1273,0,200,3527,,0
14,103,1895,7.402344,1273,0,200,1287,,0
14,104,1896,7.406250,1273,0,200,1991,,0
14,105,1897,7.410156,1273,0,185,776,,0
14,106,1898,7.414062,1273,0,168,2631,,0
14,107,1899,7.417969,1273,0,168,1448,,0
14,108,1900,7.421875,1273,0,167,2311,,0
14,109,1901,7.425781,1273,0,167,1927,,0
14,110,1902,7.429688,1273,0,167,2983,,0
14,111,1903,7.433594,1273,0,167,1895,,0
14,112,1904,7.437500,1273,0,167,1511,,0
14,113,1905,7.441406,1273,0,166,2951,,0
14,114,1906,7.445312,1273,0,165,3943,,0
14,115,1907,7.449219,1273,0,165,2695,,0
14,116,1908,7.453125,1273,0,151,39,,0
14,117,1909,7.457031,1273,0,152,1191,,0
14,118,1910,7.460938,1273,0,137,2696,,0
14,119,1911,7.464844,1273,0,152,3847,,0
14,120,1912,7.468750,1273,0,151,2439,,0
14,121,1913,7.472656,1273,0,151,967,,0
14,122,1914,7.476562,1273,0,151,903,,0
14,123,1915,7.480469,1273,0,151,1575,,0
14,124,1916,7.484375,1273,0,119,1767,,0
14,125,1917,7.488281,1273,0,136,1127,,0
14,126,1918,7.492188,1273,0,121,2504,,0
14,127,1919,7.496094,1273,0,121,3784,,0
15,0,1920,7.500000,1273,0,10,1896,,0
15,1,1921,7.503906,1273,0,0,4,,0
15,2,1922,7.507812,1273,0,0,4,,0
15,3,1923,7.511719,1273,0,0,4,,0
15,4,1924,7.515625,1273,0,0,4,,0
15,5,1925,7.519531,1273,0,0,4,,0
15,6,1926,7.523438,1273,0,0,4,,0
15,7,1927,7.527344,1273,0,0,4,,0
15,8,1928,7.531250,1273,0,0,4,,0
15,9,1929,7.535156,1273,0,0,4,,0
15,10,1930,7.539062,1273,0,256,5,,0
15,11,1931,7.542969,1273,0,0,6,,0
15,12,1932,7.546875,1273,0,1792,5,,0
15,13,1933,7.550781,1273,0,0,5,,0
15,14,1934,7.554688,1273,0,0,5,,0
15,15,1935,7.558594,1273,0,256,6,,0
15,16,1936,7.562500,1273,0,0,6,,0
15,17,1937,7.566406,1273,0,0,6,,0
15,18,1938,7.570312,1273,0,0,6,,0
15,19,1939,7.574219,1273,0,0,6,,0
15,20,1940,7.578125,1273,0,0,6,,0
15,21,1941,7.582031,1273,0,0,7,,0
15,22,1942,7.585938,1273,0,0,7,,0
15,23,1943,7.589844,1273,0,256,8,,0
15,24,1944,7.593750,1273,0,0,8,,0
15,25,1945,7.597656,1273,0,0,8,,0
15,26,1946,7.601562,1273,0,0,8,,0
15,27,1947,7.605469,1273,0,0,8,,0
15,28,1948,7.609375,1273,0,0,8,,0
15,29,1949,7.613281,1273,0,0,8,,0
15,30,1950,7.617188,1273,0,0,8,,0
15,31,1951,7.621094,1273,0,0,8,,0
15,32,1952,7.625000,1273,0,0,8,,0
15,33,1953,7.628906,1273,0,0,8,,0
15,34,1954,7.632812,1273,0,0,8,,0
15,35,1955,7.636719,1273,0,0,8,,0
15,36,1956,7.640625,1273,0,0,9,,0
15,37,1957,7.644531,1273,0,0,9,,0
15,38,1958,7.648438,1273,0,0,9,,0
15,39,1959,7.652344,1273,0,256,10,,0
15,40,1960,7.656250,1273,0,0,10,,0
15,41,1961,7.660156,1273,0,0,11,,0
15,42,1962,7.664062,1273,0,0,11,,0
15,43,1963,7.667969,1273,0,0,11,,0
15,44,1964,7.671875,1273,0,0,11,,0
15,45,1965,7.675781,1273,0,0,11,,0
15,46,1966,7.679688,1273,0,0,11,,0
15,47,1967,7.683594,1273,0,0,11,,0
15,48,1968,7.687500,1273,0,0,11,,0
15,49,1969,7.691406,1273,0,0,11,,0
15,50,1970,7.695312,1273,0,256,12,,0
15,51,1971,7.699219,1273,0,0,12,,0
15,52,1972,7.703125,1273,0,0,12,,0
15,53,1973,7.707031,1273,0,0,12,,0
15,54,1974,7.710938,1273,0,0,12,,0
15,55,1975,7.714844,1273,0,0,12,,0
15,56,1976,7.718750,1273,0,0,12,,0
15,57,1977,7.722656,1273,0,0,12,,0
15,58,1978,7.726562,1273,0,0,12,,0
15,59,1979,7.730469,1273,0,0,12,,0
15,60,1980,7.734375,1273,0,0,12,,0
15,61,1981,7.738281,1273,0,256,13,,0
15,62,1982,7.742188,1273,0,0,13,,0
15,63,1983,7.746094,1273,0,0,14,,0
15,64,1984,7.750000,1273,0,0,14,,0
15,65,1985,7.753906,1273,0,0,14,,0
15,66,1986,7.757812,1273,0,0,14,,0
15,67,1987,7.761719,1273,0,0,14,,0
15,68,1988,7.765625,1273,0,0,15,,0
15,69,1989,7.769531,1273,0,0,15,,0
15,70,1990,7.773438,1273,0,0,15,,0
15,71,1991,7.777344,1273,0,0,14,,0
15,72,1992,7.781250,1273,0,0,15,,0
15,73,1993,7.785156,1273,0,0,15,,0
15,74,1994,7.789062,1273,0,0,15,,0
15,75,1995,7.792969,1273,0,4023,807,,0
15,76,1996,7.796875,1273,0,4007,3815,,0
15,77,1997,7.800781,1273,0,4008,1159,,0
15,78,1998,7.804688,1273,0,4008,1895,,0
15,79,1999,7.808594,1273,0,4008,1575,,0
15,80,2000,7.812500,1273,0,4008,1287,,0
15,81,2001,7.816406,1273,0,3992,1959,,0
15,82,2002,7.820312,1273,0,3990,2567,,0
15,83,2003,7.824219,1273,0,3990,2407,,0
15,84,2004,7.828125,1273,0,3992,1479,,0
15,85,2005,7.832031,1273,0,3991,807,,0
15,86,2006,7.835938,1273,0,3989,4039,,0
15,87,2007,7.839844,1273,0,3990,999,,0
15,88,2008,7.843750,1273,0,3990,1959,,0
15,89,2009,7.847656,1273,0,3959,1575,,0
15,90,2010,7.851562,1273,0,3959,3399,,0
15,91,2011,7.855469,1273,0,3960,2727,,0
15,92,2012,7.859375,1273,0,3961,3015,,0
15,93,2013,7.863281,1273,0,3962,2215,,0
15,94,2014,7.867188,1273,0,3962,1320,,0
15,95,2015,7.871094,1273,0,3961,3495,,0
15,96,2016,7.875000,1273,0,3961,3783,,0
15,97,2017,7.878906,1273,0,3961,3655,,0
15,98,2018,7.882812,1273,0,3961,1255,,0
15,99,2019,7.886719,1273,0,3961,2055,,0
15,100,2020,7.890625,1273,0,3961,3336,,0
15,101,2021,7.894531,1273,0,3945,1127,,0
15,102,2022,7.898438,1273,0,3945,2791,,0
15,103,2023,7.902344,1273,0,3945,839,,0
15,104,2024,7.906250,1273,0,3944,1063,,0
15,105,2025,7.910156,1273,0,3927,1511,,0
15,106,2026,7.914062,1273,0,3927,1255,,0
15,107,2027,7.917969,1273,0,3926,1575,,0
15,108,2028,7.921875,1273,0,3925,3815,,0
15,109,2029,7.925781,1273,0,3909,4071,,0
15,110,2030,7.929688,1273,0,3911,679,,0
15,111,2031,7.933594,1273,0,3895,2439,,0
15,112,2032,7.937500,1273,0,3896,2855,,0
15,113,2033,7.941406,1273,0,3897,1191,,0
15,114,2034,7.945312,1273,0,3898,327,,0
15,115,2035,7.949219,1273,0,3898,2568,,0
15,116,2036,7.953125,1273,0,3897,551,,0
15,117,2037,7.957031,1273,0,3896,3111,,0
15,118,2038,7.960938,1273,0,3896,3271,,0
15,119,2039,7.964844,1273,0,3897,3400,,0
15,120,2040,7.968750,1273,0,3897,3688,,0
15,121,2041,7.972656,1273,0,3896,3271,,0
15,122,2042,7.976562,1273,0,3897,583,,0
15,123,2043,7.980469,1273,0,3897,2728,,0
15,124,2044,7.984375,1273,0,3897,583,,0
15,125,2045,7.988281,1273,0,3895,3271,,0
15,126,2046,7.992188,1273,0,3880,1959,,0
15,127,2047,7.996094,1273,0,3881,2824,,0
16,0,2048,8.000000,1273,0,8,3783,,0
16,1,2049,8.003906,1273,0,0,19,,0
16,2,2050,8.007812,1273,0,0,19,,0
16,3,2051,8.011719,1273,0,0,19,,0
16,4,2052,8.015625,1273,0,256,20,,0
16,5,2053,8.019531,1273,0,0,20,,0
16,6,2054,8.023438,1273,0,0,20,,0
16,7,2055,8.027344,1273,0,0,20,,0
16,8,2056,8.031250,1273,0,0,20,,0
16,9,2057,8.035156,1273,0,0,20,,0
16,10,2058,8.039062,1273,0,0,20,,0
16,11,2059,8.042969,1273,0,256,21,,0
16,12,2060,8.046875,1273,0,1792,20,,0
16,13,2061,8.050781,1273,0,0,20,,0
16,14,2062,8.054688,1273,0,0,20,,0
16,15,2063,8.058594,1273,0,0,20,,0
16,16,2064,8.062500,1273,0,0,20,,0
16,17,2065,8.066406,1273,0,256,21,,0
16,18,2066,8.070312,1273,0,0,21,,0
16,19,2067,8.074219,1273,0,0,21,,0
16,20,2068,8.078125,1273,0,0,21,,0
16,21,2069,8.082031,1273,0,0,21,,0
16,22,2070,8.085938,1273,0,0,21,,0
16,23,2071,8.089844,1273,0,0,21,,0
16,24,2072,8.093750,1273,0,0,21,,0
16,25,2073,8.097656,1273,0,0,21,,0
16,26,2074,8.101562,1273,0,0,21,,0
16,27,2075,8.105469,1273,0,0,21,,0
16,28,2076,8.109375,1273,0,0,21,,0
16,29,2077,8.113281,1273,0,0,21,,0
16,30,2078,8.117188,1273,0,0,21,,0
16,31,2079,8.121094,1273,0,0,21,,0
16,32,2080,8.125000,1273,0,257,22,,0
16,33,2081,8.128906,1273,0,2,22,,0
16,34,2082,8.132812,1273,0,3,22,,0
16,35,2083,8.136719,1273,0,260,23,,0
16,36,2084,8.140625,1273,0,5,23,,0
16,37,2085,8.144531,1273,0,6,23,,0
16,38,2086,8.148438,1273,0,6,21,,0
16,39,2087,8.152344,1273,0,6,21,,0
16,40,2088,8.156250,1273,0,6,20,,0
16,41,2089,8.160156,1273,0,6,20,,0
16,42,2090,8.164062,1273,0,6,21,,0
16,43,2091,8.167969,1273,0,1798,20,,0
16,44,2092,8.171875,1273,0,6,20,,0
16,45,2093,8.175781,1273,0,262,21,,0
16,46,2094,8.179688,1273,0,6,21,,0
16,47,2095,8.183594,1273,0,6,21,,0
16,48,2096,8.187500,1273,0,6,21,,0
16,49,2097,8.191406,1273,0,6,21,,0
16,50,2098,8.195312,1273,0,6,21,,0
16,51,2099,8.199219,1273,0,6,21,,0
16,52,2100,8.203125,1273,0,6,21,,0
16,53,2101,8.207031,1273,0,6,21,,0
16,54,2102,8.210938,1273,0,6,21,,0
16,55,2103,8.214844,1273,0,6,21,,0
16,56,2104,8.218750,1273,0,6,21,,0
16,57,2105,8.222656,1273,0,6,21,,0
16,58,2106,8.226562,1273,0,6,21,,0
16,59,2107,8.230469,1273,0,6,21,,0
16,60,2108,8.234375,1273,0,1798,19,,0
16,61,2109,8.238281,1273,0,1798,18,,0
16,62,2110,8.242188,1273,0,6,18,,0
16,63,2111,8.246094,1273,0,6,18,,0
16,64,2112,8.250000,1273,0,6,17,,0
16,65,2113,8.253906,1273,0,6,17,,0
16,66,2114,8.257812,1273,0,6,17,,0
16,67,2115,8.261719,1273,0,6,17,,0
16,68,2116,8.265625,1273,0,6,17,,0
16,69,2117,8.269531,1273,0,6,17,,0
16,70,2118,8.273438,1273,0,6,17,,0
16,71,2119,8.277344,1273,0,6,17,,0
16,72,2120,8.281250,1273,0,6,17,,0
16,73,2121,8.285156,1273,0,6,17,,0
16,74,2122,8.289062,1273,0,6,17,,0
16,75,2123,8.292969,1273,0,3912,903,,0
16,76,2124,8.296875,1273,0,3911,3879,,0
16,77,2125,8.300781,1273,0,3896,711,,0
16,78,2126,8.304688,1273,0,3896,2215,,0
16,79,2127,8.308594,1273,0,3896,3335,,0
16,80,2128,8.312500,1273,0,3896,1415,,0
16,81,2129,8.316406,1273,0,3895,3975,,0
16,82,2130,8.320312,1273,0,3896,3623,,0
16,83,2131,8.324219,1273,0,3897,2056,,0
16,84,2132,8.328125,1273,0,3897,3976,,0
16,85,2133,8.332031,1273,0,3897,2568,,0
16,86,2134,8.335938,1273,0,3897,1640,,0
16,87,2135,8.339844,1273,0,3896,4072,,0
16,88,2136,8.343750,1273,0,3895,2023,,0
16,89,2137,8.347656,1273,0,3895,2055,,0
16,90,2138,8.351562,1273,0,3895,2247,,0
16,91,2139,8.355469,1273,0,3895,1639,,0
16,92,2140,8.359375,1273,0,3911,1863,,0
16,93,2141,8.363281,1273,0,3911,39,,0
16,94,2142,8.367188,1273,0,3910,2663,,0
16,95,2143,8.371094,1273,0,3911,39,,0
16,96,2144,8.375000,1273,0,3911,519,,0
16,97,2145,8.378906,1273,0,3911,2119,,0
16,98,2146,8.382812,1273,0,3927,2439,,0
16,99,2147,8.386719,1273,0,3927,551,,0
16,100,2148,8.390625,1273,0,3926,3015,,0
16,101,2149,8.394531,1273,0,3927,231,,0
16,102,2150,8.398438,1273,0,3927,3783,,0
16,103,2151,8.402344,1273,0,3928,2247,,0
16,104,2152,8.406250,1273,0,3928,2151,,0
16,105,2153,8.410156,1273,0,3928,1479,,0
16,106,2154,8.414062,1273,0,3927,2663,,0
16,107,2155,8.417969,1273,0,3926,4007,,0
16,108,2156,8.421875,1273,0,3928,1319,,0
16,109,2157,8.425781,1273,0,3929,1063,,0
16,110,2158,8.429688,1273,0,3928,1479,,0
16,111,2159,8.433594,1273,0,3944,2055,,0
16,112,2160,8.437500,1273,0,3928,2247,,0
16,113,2161,8.441406,1273,0,3928,1287,,0
16,114,2162,8.445312,1273,0,3929,487,,0
16,115,2163,8.449219,1273,0,3929,1768,,0
16,116,2164,8.453125,1273,0,3929,424,,0
16,117,2165,8.457031,1273,0,3944,3624,,0
16,118,2166,8.460938,1273,0,3944,1512,,0
16,119,2167,8.464844,1273,0,3944,680,,0
16,120,2168,8.468750,1273,0,3943,1799,,0
16,121,2169,8.472656,1273,0,3958,2407,,0
16,122,2170,8.476562,1273,0,3958,3559,,0
16,123,2171,8.480469,1273,0,3959,3463,,0
16,124,2172,8.484375,1273,0,3959,2823,,0
16,125,2173,8.488281,1273,0,3959,135,,0
16,126,2174,8.492188,1273,0,3959,2279,,0
16,127,2175,8.496094,1273,0,3959,1479,,0
